"","category","links","scrape"
"1","电子书","e.jd.com/ebook.html","N"
"2","网络原创","e.jd.com/products/5272-10941.html","N"
"3","数字杂志","e.jd.com/products/5272-10953.html","N"
"4","多媒体图书","e.jd.com/products/5272-10962.html","N"
"5","音乐","mvd.jd.com/music.html","N"
"6","影视","mvd.jd.com/movie.html","N"
"7","教育音像","mvd.jd.com/education.html","N"
"8","少儿","list.jd.com/list.html?cat=1713,4855,4859","Y"
"9","商务投资","list.jd.com/list.html?cat=1713,4855,4858","Y"
"10","英语学习与考试","list.jd.com/list.html?cat=1713,4855,4864","Y"
"11","文学","list.jd.com/list.html?cat=1713,4855,4870","Y"
"12","传记","list.jd.com/list.html?cat=1713,4855,4857","Y"
"13","励志","list.jd.com/list.html?cat=1713,4855,4882","Y"
"14","小说","channel.jd.com/1713-3258.html","N"
"15","文学","channel.jd.com/1713-3259.html","N"
"16","青春文学","channel.jd.com/1713-3260.html","N"
"17","传记","channel.jd.com/1713-3261.html","N"
"18","艺术","channel.jd.com/1713-3262.html","N"
"19","少儿","book.jd.com/children.html","N"
"20","0-2岁","book.jd.com/children0-2.html","N"
"21","3-6岁","book.jd.com/children3-6.html","N"
"22","7-10岁","book.jd.com/children7-10.html","N"
"23","11-14岁","book.jd.com/children11-14.html","N"
"24","历史","channel.jd.com/1713-3273.html","N"
"25","哲学","list.jd.com/list.html?cat=1713,3274&jth=i","Y"
"26","国学","list.jd.com/list.html?cat=1713,3275&jth=i","Y"
"27","政治/军事","channel.jd.com/1713-3276.html","N"
"28","法律","channel.jd.com/1713-3277.html","N"
"29","人文社科","book.jd.com/library/socialscience.html","N"
"30","心理学","channel.jd.com/1713-3279.html","N"
"31","文化","list.jd.com/list.html?cat=1713,3280&jth=i","Y"
"32","社会科学","list.jd.com/list.html?cat=1713,3281&jth=i","Y"
"33","经济","channel.jd.com/1713-3264.html","N"
"34","金融与投资","channel.jd.com/1713-3265.html","N"
"35","管理","channel.jd.com/1713-3266.html","N"
"36","励志与成功","channel.jd.com/1713-3267.html","N"
"37","生活","book.jd.com/library/life.html","N"
"38","健身与保健","channel.jd.com/1713-3269.html","N"
"39","家庭与育儿","channel.jd.com/1713-3270.html","N"
"40","旅游","channel.jd.com/1713-3271.html","N"
"41","烹饪美食","list.jd.com/list.html?cat=1713,9278&jth=i","Y"
"42","工业技术","channel.jd.com/1713-3282.html","N"
"43","科普读物","book.jd.com/popscicence.html","N"
"44","建筑","channel.jd.com/1713-3284.html","N"
"45","医学","channel.jd.com/1713-3285.html","N"
"46","科学与自然","channel.jd.com/1713-3286.html","N"
"47","计算机与互联网","channel.jd.com/1713-3287.html","N"
"48","电子通信","list.jd.com/list.html?cat=1713,9351&jth=i","Y"
"49","中小学教辅","channel.jd.com/1713-3289.html","N"
"50","教育与考试","channel.jd.com/1713-3290.html","N"
"51","外语学习","channel.jd.com/1713-3291.html","N"
"52","大中专教材","channel.jd.com/1713-11047.html","N"
"53","字典词典","channel.jd.com/1713-3294.html","N"
"54","艺术/设计/收藏","list.jd.com/list.html?cat=1713,6929,6930","Y"
"55","经济管理","list.jd.com/list.html?cat=1713,3295,6954","Y"
"56","文化/学术","list.jd.com/list.html?cat=1713,3296,6957","Y"
"57","少儿","list.jd.com/list.html?cat=1713,6929,9381","Y"
"58","工具书","channel.jd.com/1713-3294.html","N"
"59","杂志/期刊","channel.jd.com/1713-4758.html","N"
"60","套装书","list.jd.com/list.html?cat=1713,3296&jth=i","Y"
"61","手机","list.jd.com/list.html?cat=9987,653,655","Y"
"62","对讲机","list.jd.com/list.html?cat=9987,653,659","Y"
"63","合约机","list.jd.com/list.html?cat=9987,6880,6881","Y"
"64","选号中心","list.jd.com/list.html?cat=9987,6880,12360","Y"
"65","装宽带","list.jd.com/list.html?cat=9987,6880,12428","Y"
"66","办套餐","list.jd.com/list.html?cat=9987,6880,1195","Y"
"67","移动电源","list.jd.com/list.html?cat=9987,830,13658","Y"
"68","电池/移动电源","list.jd.com/list.html?cat=9987,830,860","Y"
"69","蓝牙耳机","list.jd.com/list.html?cat=9987,830,863","Y"
"70","充电器/数据线","list.jd.com/list.html?cat=9987,830,861","Y"
"71","苹果周边","list.jd.com/list.html?cat=9987,830,13659","Y"
"72","手机耳机","list.jd.com/list.html?cat=9987,830,862","Y"
"73","手机贴膜","list.jd.com/list.html?cat=9987,830,867","Y"
"74","手机存储卡","list.jd.com/list.html?cat=9987,830,1099","Y"
"75","充电器","list.jd.com/list.html?cat=9987,830,13660","Y"
"76","数据线","list.jd.com/list.html?cat=9987,830,13661","Y"
"77","手机保护套","list.jd.com/list.html?cat=9987,830,866","Y"
"78","车载配件","list.jd.com/list.html?cat=9987,830,864","Y"
"79","iPhone 配件","list.jd.com/list.html?cat=9987,830,5003","Y"
"80","手机电池","list.jd.com/list.html?cat=9987,830,13657","Y"
"81","创意配件","list.jd.com/list.html?cat=9987,830,868","Y"
"82","便携/无线音响","list.jd.com/list.html?cat=9987,830,11301","Y"
"83","手机饰品","list.jd.com/list.html?cat=9987,830,11302","Y"
"84","拍照配件","list.jd.com/list.html?cat=9987,830,12809","Y"
"85","手机支架","list.jd.com/list.html?cat=9987,830,12811","Y"
"86","平板电视","list.jd.com/list.html?cat=737,794,798","Y"
"87","空调","list.jd.com/list.html?cat=737,794,870","Y"
"88","冰箱","list.jd.com/list.html?cat=737,794,878","Y"
"89","洗衣机","list.jd.com/list.html?cat=737,794,880","Y"
"90","家庭影院","list.jd.com/list.html?cat=737,794,823","Y"
"91","DVD/电视盒子","list.jd.com/list.html?cat=737,794,965","Y"
"92","迷你音响","list.jd.com/list.html?cat=737,794,1199","Y"
"93","冷柜/冰吧","list.jd.com/list.html?cat=737,794,12392","Y"
"94","家电配件","list.jd.com/list.html?cat=737,794,877","Y"
"95","功放","list.jd.com/list.html?cat=737,794,12524","Y"
"96","回音壁/Soundbar","list.jd.com/list.html?cat=737,794,12525","Y"
"97","Hi-Fi专区","list.jd.com/list.html?cat=737,794,12526","Y"
"98","电视盒子","list.jd.com/list.html?cat=737,794,12527","Y"
"99","酒柜","list.jd.com/list.html?cat=737,794,12401","Y"
"100","燃气灶","list.jd.com/list.html?cat=737,13297,13298","Y"
"101","油烟机","list.jd.com/list.html?cat=737,13297,1300","Y"
"102","热水器","list.jd.com/list.html?cat=737,13297,1706","Y"
"103","消毒柜","list.jd.com/list.html?cat=737,13297,1301","Y"
"104","洗碗机","list.jd.com/list.html?cat=737,13297,13117","Y"
"105","料理机","list.jd.com/list.html?cat=737,752,755","Y"
"106","榨汁机","list.jd.com/list.html?cat=737,752,13116","Y"
"107","电饭煲","list.jd.com/list.html?cat=737,752,753","Y"
"108","电压力锅","list.jd.com/list.html?cat=737,752,881","Y"
"109","豆浆机","list.jd.com/list.html?cat=737,752,756","Y"
"110","咖啡机","list.jd.com/list.html?cat=737,752,761","Y"
"111","微波炉","list.jd.com/list.html?cat=737,752,758","Y"
"112","电烤箱","list.jd.com/list.html?cat=737,752,759","Y"
"113","电磁炉","list.jd.com/list.html?cat=737,752,757","Y"
"114","面包机","list.jd.com/list.html?cat=737,752,899","Y"
"115","煮蛋器","list.jd.com/list.html?cat=737,752,902","Y"
"116","酸奶机","list.jd.com/list.html?cat=737,752,762","Y"
"117","电炖锅","list.jd.com/list.html?cat=737,752,9249","Y"
"118","电水壶/热水瓶","list.jd.com/list.html?cat=737,752,760","Y"
"119","电饼铛","list.jd.com/list.html?cat=737,752,882","Y"
"120","多用途锅","list.jd.com/list.html?cat=737,752,754","Y"
"121","电烧烤炉","list.jd.com/list.html?cat=737,752,13118","Y"
"122","果蔬解毒机","list.jd.com/list.html?cat=737,752,901","Y"
"123","其它厨房电器","list.jd.com/list.html?cat=737,752,803","Y"
"124","养生壶/煎药壶","list.jd.com/list.html?cat=737,752,12397","Y"
"125","电热饭盒","list.jd.com/list.html?cat=737,752,12398","Y"
"126","取暖电器","list.jd.com/list.html?cat=737,738,747","Y"
"127","净化器","list.jd.com/list.html?cat=737,738,749","Y"
"128","加湿器","list.jd.com/list.html?cat=737,738,748","Y"
"129","扫地机器人","list.jd.com/list.html?cat=737,738,12394","Y"
"130","吸尘器","list.jd.com/list.html?cat=737,738,745","Y"
"131","挂烫机/熨斗","list.jd.com/list.html?cat=737,738,1279","Y"
"132","插座","list.jd.com/list.html?cat=737,738,1052","Y"
"133","电话机","list.jd.com/list.html?cat=737,738,806","Y"
"134","清洁机","list.jd.com/list.html?cat=737,738,897","Y"
"135","除湿机","list.jd.com/list.html?cat=737,738,1283","Y"
"136","干衣机","list.jd.com/list.html?cat=737,738,12395","Y"
"137","收录/音机","list.jd.com/list.html?cat=737,738,801","Y"
"138","电风扇","list.jd.com/list.html?cat=737,738,751","Y"
"139","冷风扇","list.jd.com/list.html?cat=737,738,1278","Y"
"140","其它生活电器","list.jd.com/list.html?cat=737,738,825","Y"
"141","生活电器配件","list.jd.com/list.html?cat=737,738,12396","Y"
"142","净水器","list.jd.com/list.html?cat=737,738,898","Y"
"143","饮水机","list.jd.com/list.html?cat=737,738,750","Y"
"144","剃须刀","list.jd.com/list.html?cat=737,1276,739","Y"
"145","剃/脱毛器","list.jd.com/list.html?cat=737,1276,742","Y"
"146","口腔护理","list.jd.com/list.html?cat=737,1276,741","Y"
"147","电吹风","list.jd.com/list.html?cat=737,1276,740","Y"
"148","美容器","list.jd.com/list.html?cat=737,1276,795","Y"
"149","理发器","list.jd.com/list.html?cat=737,1276,1287","Y"
"150","卷/直发器","list.jd.com/list.html?cat=737,1276,12400","Y"
"151","按摩椅","list.jd.com/list.html?cat=737,1276,1291","Y"
"152","按摩器","list.jd.com/list.html?cat=737,1276,967","Y"
"153","足浴盆","list.jd.com/list.html?cat=737,1276,963","Y"
"154","血压计","list.jd.com/list.html?cat=737,1276,966","Y"
"155","电子秤/厨房秤","list.jd.com/list.html?cat=737,1276,1289","Y"
"156","血糖仪","list.jd.com/list.html?cat=737,1276,1225","Y"
"157","体温计","list.jd.com/list.html?cat=737,1276,1292","Y"
"158","其它健康电器","list.jd.com/list.html?cat=737,1276,1290","Y"
"159","计步器/脂肪检测仪","list.jd.com/list.html?cat=737,1276,968","Y"
"160","电动工具","list.jd.com/list.html?cat=737,1277,934","Y"
"161","手动工具","list.jd.com/list.html?cat=737,1277,3979","Y"
"162","仪器仪表","list.jd.com/list.html?cat=737,1277,6974","Y"
"163","浴霸/排气扇","list.jd.com/list.html?cat=737,1277,900","Y"
"164","灯具","list.jd.com/list.html?cat=737,1277,1295","Y"
"165","LED灯","list.jd.com/list.html?cat=737,1277,6975","Y"
"166","洁身器","list.jd.com/list.html?cat=737,1277,4934","Y"
"167","水槽","list.jd.com/list.html?cat=737,1277,5004","Y"
"168","龙头","list.jd.com/list.html?cat=737,1277,5005","Y"
"169","淋浴花洒","list.jd.com/list.html?cat=737,1277,5006","Y"
"170","厨卫五金","list.jd.com/list.html?cat=737,1277,1293","Y"
"171","家具五金","list.jd.com/list.html?cat=737,1277,4834","Y"
"172","门铃","list.jd.com/list.html?cat=737,1277,1294","Y"
"173","电气开关","list.jd.com/list.html?cat=737,1277,6976","Y"
"174","插座","list.jd.com/list.html?cat=737,1277,6977","Y"
"175","电工电料","list.jd.com/list.html?cat=737,1277,6978","Y"
"176","监控安防","list.jd.com/list.html?cat=737,1277,6979","Y"
"177","电线/线缆","list.jd.com/list.html?cat=737,1277,1299","Y"
"178","数码相机","list.jd.com/list.html?cat=652,654,831","Y"
"179","单电/微单相机","list.jd.com/list.html?cat=652,654,5012","Y"
"180","单反相机","list.jd.com/list.html?cat=652,654,832","Y"
"181","摄像机","list.jd.com/list.html?cat=652,654,833","Y"
"182","拍立得","list.jd.com/list.html?cat=652,654,7170","Y"
"183","运动相机","list.jd.com/list.html?cat=652,654,12342","Y"
"184","镜头","list.jd.com/list.html?cat=652,654,834","Y"
"185","户外器材","list.jd.com/list.html?cat=652,654,12343","Y"
"186","影棚器材","list.jd.com/list.html?cat=652,654,12344","Y"
"187","冲印服务","list.jd.com/list.html?cat=652,654,12415","Y"
"188","数码相框","list.jd.com/list.html?cat=652,654,844","Y"
"189","存储卡","list.jd.com/list.html?cat=652,829,845","Y"
"190","读卡器","list.jd.com/list.html?cat=652,829,846","Y"
"191","滤镜","list.jd.com/list.html?cat=652,829,835","Y"
"192","闪光灯/手柄","list.jd.com/list.html?cat=652,829,836","Y"
"193","相机包","list.jd.com/list.html?cat=652,829,847","Y"
"194","三脚架/云台","list.jd.com/list.html?cat=652,829,848","Y"
"195","相机清洁/贴膜","list.jd.com/list.html?cat=652,829,851","Y"
"196","机身附件","list.jd.com/list.html?cat=652,829,10971","Y"
"197","镜头附件","list.jd.com/list.html?cat=652,829,10972","Y"
"198","电池/充电器","list.jd.com/list.html?cat=652,829,854","Y"
"199","移动电源","list.jd.com/list.html?cat=652,829,1219","Y"
"200","数码支架","list.jd.com/list.html?cat=652,829,12810","Y"
"201","智能手环","list.jd.com/list.html?cat=652,12345,12347","Y"
"202","智能手表","list.jd.com/list.html?cat=652,12345,12348","Y"
"203","智能眼镜","list.jd.com/list.html?cat=652,12345,12349","Y"
"204","运动跟踪器","list.jd.com/list.html?cat=652,12345,12350","Y"
"205","健康监测","list.jd.com/list.html?cat=652,12345,12351","Y"
"206","智能配饰","list.jd.com/list.html?cat=652,12345,12352","Y"
"207","智能家居","list.jd.com/list.html?cat=652,12345,12353","Y"
"208","体感车","list.jd.com/list.html?cat=652,12345,12354","Y"
"209","其他配件","list.jd.com/list.html?cat=652,12345,12355","Y"
"210","智能机器人","list.jd.com/list.html?cat=652,12345,12806","Y"
"211","无人机","list.jd.com/list.html?cat=652,12345,12807","Y"
"212","MP3/MP4","list.jd.com/list.html?cat=652,828,837","Y"
"213","智能设备","list.jd.com/list.html?cat=652,828,843","Y"
"214","耳机/耳麦","list.jd.com/list.html?cat=652,828,842","Y"
"215","便携/无线音箱","list.jd.com/list.html?cat=652,828,13662","Y"
"216","音箱/音响","list.jd.com/list.html?cat=652,828,841","Y"
"217","高清播放器","list.jd.com/list.html?cat=652,828,1261","Y"
"218","收音机","list.jd.com/list.html?cat=652,828,12808","Y"
"219","MP3/MP4配件","list.jd.com/list.html?cat=652,828,1274","Y"
"220","麦克风","list.jd.com/list.html?cat=652,828,869","Y"
"221","专业音频","list.jd.com/list.html?cat=652,828,962","Y"
"222","苹果配件","list.jd.com/list.html?cat=652,828,5270","Y"
"223","学生平板","list.jd.com/list.html?cat=652,12346,12358","Y"
"224","点读机/笔","list.jd.com/list.html?cat=652,12346,12357","Y"
"225","早教益智","list.jd.com/list.html?cat=652,12346,12359","Y"
"226","录音笔","list.jd.com/list.html?cat=652,12346,840","Y"
"227","电纸书","list.jd.com/list.html?cat=652,12346,1203","Y"
"228","电子词典","list.jd.com/list.html?cat=652,12346,838","Y"
"229","复读机","list.jd.com/list.html?cat=652,12346,12356","Y"
"230","延保服务","list.jd.com/list.html?cat=652,981,982","Y"
"231","杀毒软件","list.jd.com/list.html?cat=652,981,1076","Y"
"232","积分商品","list.jd.com/list.html?cat=652,981,1117","Y"
"233","桌布/罩件","list.jd.com/list.html?cat=1620,1621,11159","Y"
"234","地毯地垫","list.jd.com/list.html?cat=1620,1621,11160","Y"
"235","沙发垫套/椅垫","list.jd.com/list.html?cat=1620,1621,11161","Y"
"236","床品套件","list.jd.com/list.html?cat=1620,1621,1626","Y"
"237","被子","list.jd.com/list.html?cat=1620,1621,1627","Y"
"238","枕芯","list.jd.com/list.html?cat=1620,1621,1628","Y"
"239","床单被罩","list.jd.com/list.html?cat=1620,1621,1629","Y"
"240","毯子","list.jd.com/list.html?cat=1620,1621,1630","Y"
"241","床垫/床褥","list.jd.com/list.html?cat=1620,1621,1631","Y"
"242","蚊帐","list.jd.com/list.html?cat=1620,1621,1632","Y"
"243","抱枕靠垫","list.jd.com/list.html?cat=1620,1621,1633","Y"
"244","毛巾浴巾","list.jd.com/list.html?cat=1620,1621,1634","Y"
"245","电热毯","list.jd.com/list.html?cat=1620,1621,2688","Y"
"246","窗帘/窗纱","list.jd.com/list.html?cat=1620,1621,4952","Y"
"247","布艺软饰","list.jd.com/list.html?cat=1620,1621,11962","Y"
"248","凉席","list.jd.com/list.html?cat=1620,1621,11963","Y"
"249","台灯","list.jd.com/list.html?cat=1620,1623,1648","Y"
"250","节能灯","list.jd.com/list.html?cat=1620,1623,1649","Y"
"251","装饰灯","list.jd.com/list.html?cat=1620,1623,1650","Y"
"252","落地灯","list.jd.com/list.html?cat=1620,1623,1653","Y"
"253","应急灯/手电","list.jd.com/list.html?cat=1620,1623,1654","Y"
"254","LED灯","list.jd.com/list.html?cat=1620,1623,4955","Y"
"255","吸顶灯","list.jd.com/list.html?cat=1620,1623,4954","Y"
"256","五金电器","list.jd.com/list.html?cat=1620,1623,4956","Y"
"257","筒灯射灯","list.jd.com/list.html?cat=1620,1623,11971","Y"
"258","吊灯","list.jd.com/list.html?cat=1620,1623,1651","Y"
"259","氛围照明","list.jd.com/list.html?cat=1620,1623,6861","Y"
"260","保暖防护","list.jd.com/list.html?cat=1620,1624,11167","Y"
"261","收纳用品","list.jd.com/list.html?cat=1620,1624,1655","Y"
"262","雨伞雨具","list.jd.com/list.html?cat=1620,1624,1656","Y"
"263","浴室用品","list.jd.com/list.html?cat=1620,1624,1657","Y"
"264","缝纫/针织用品","list.jd.com/list.html?cat=1620,1624,1658","Y"
"265","洗晒/熨烫","list.jd.com/list.html?cat=1620,1624,1660","Y"
"266","净化除味","list.jd.com/list.html?cat=1620,1624,1661","Y"
"267","相框/照片墙","list.jd.com/list.html?cat=1620,11158,11162","Y"
"268","装饰字画","list.jd.com/list.html?cat=1620,11158,11163","Y"
"269","节庆饰品","list.jd.com/list.html?cat=1620,11158,11164","Y"
"270","手工/十字绣","list.jd.com/list.html?cat=1620,11158,11165","Y"
"271","装饰摆件","list.jd.com/list.html?cat=1620,11158,11166","Y"
"272","帘艺隔断","list.jd.com/list.html?cat=1620,11158,11964","Y"
"273","墙贴/装饰贴","list.jd.com/list.html?cat=1620,11158,11965","Y"
"274","钟饰","list.jd.com/list.html?cat=1620,11158,11966","Y"
"275","花瓶花艺","list.jd.com/list.html?cat=1620,11158,11967","Y"
"276","香薰蜡烛","list.jd.com/list.html?cat=1620,11158,11968","Y"
"277","创意家居","list.jd.com/list.html?cat=1620,11158,11969","Y"
"278","宠物主粮","list.jd.com/list.html?cat=6994,6995","Y"
"279","宠物零食","list.jd.com/list.html?cat=6994,6996","Y"
"280","医疗保健","list.jd.com/list.html?cat=6994,6997","Y"
"281","家居日用","list.jd.com/list.html?cat=6994,6998","Y"
"282","猫狗玩具","list.jd.com/list.html?cat=6994,6999","Y"
"283","出行装备","list.jd.com/list.html?cat=6994,7000","Y"
"284","洗护美容","list.jd.com/list.html?cat=6994,7001","Y"
"285","笔记本","list.jd.com/list.html?cat=670,671,672","Y"
"286","超极本","list.jd.com/list.html?cat=670,671,6864","Y"
"287","游戏本","list.jd.com/list.html?cat=670,671,1105","Y"
"288","平板电脑","list.jd.com/list.html?cat=670,671,2694","Y"
"289","平板电脑配件","list.jd.com/list.html?cat=670,671,5146","Y"
"290","台式机","list.jd.com/list.html?cat=670,671,673","Y"
"291","服务器/工作站","list.jd.com/list.html?cat=670,671,674","Y"
"292","笔记本配件","list.jd.com/list.html?cat=670,671,675","Y"
"293","一体机","list.jd.com/list.html?cat=670,671,12798","Y"
"294","CPU","list.jd.com/list.html?cat=670,677,678","Y"
"295","主板","list.jd.com/list.html?cat=670,677,681","Y"
"296","显卡","list.jd.com/list.html?cat=670,677,679","Y"
"297","硬盘","list.jd.com/list.html?cat=670,677,683","Y"
"298","SSD固态硬盘","list.jd.com/list.html?cat=670,677,11303","Y"
"299","内存","list.jd.com/list.html?cat=670,677,680","Y"
"300","机箱","list.jd.com/list.html?cat=670,677,687","Y"
"301","电源","list.jd.com/list.html?cat=670,677,691","Y"
"302","显示器","list.jd.com/list.html?cat=670,677,688","Y"
"303","刻录机/光驱","list.jd.com/list.html?cat=670,677,684","Y"
"304","散热器","list.jd.com/list.html?cat=670,677,682","Y"
"305","声卡/扩展卡","list.jd.com/list.html?cat=670,677,5008","Y"
"306","装机配件","list.jd.com/list.html?cat=670,677,5009","Y"
"307","组装电脑","list.jd.com/list.html?cat=670,677,11762","Y"
"308","移动硬盘","list.jd.com/list.html?cat=670,686,693","Y"
"309","U盘","list.jd.com/list.html?cat=670,686,694","Y"
"310","鼠标","list.jd.com/list.html?cat=670,686,690","Y"
"311","键盘","list.jd.com/list.html?cat=670,686,689","Y"
"312","鼠标垫","list.jd.com/list.html?cat=670,686,826","Y"
"313","摄像头","list.jd.com/list.html?cat=670,686,692","Y"
"314","手写板","list.jd.com/list.html?cat=670,686,698","Y"
"315","硬盘盒","list.jd.com/list.html?cat=670,686,695","Y"
"316","插座","list.jd.com/list.html?cat=670,686,1047","Y"
"317","线缆","list.jd.com/list.html?cat=670,686,1049","Y"
"318","UPS电源","list.jd.com/list.html?cat=670,686,1048","Y"
"319","电脑工具","list.jd.com/list.html?cat=670,686,1050","Y"
"320","游戏设备","list.jd.com/list.html?cat=670,686,696","Y"
"321","电玩","list.jd.com/list.html?cat=670,686,697","Y"
"322","电脑清洁","list.jd.com/list.html?cat=670,686,1051","Y"
"323","网络仪表仪器","list.jd.com/list.html?cat=670,686,12799","Y"
"324","游戏机","list.jd.com/list.html?cat=670,12800,12801","Y"
"325","游戏耳机","list.jd.com/list.html?cat=670,12800,12802","Y"
"326","手柄/方向盘","list.jd.com/list.html?cat=670,12800,12803","Y"
"327","游戏软件","list.jd.com/list.html?cat=670,12800,12804","Y"
"328","游戏周边","list.jd.com/list.html?cat=670,12800,12805","Y"
"329","路由器","list.jd.com/list.html?cat=670,699,700","Y"
"330","网卡","list.jd.com/list.html?cat=670,699,701","Y"
"331","交换机","list.jd.com/list.html?cat=670,699,702","Y"
"332","网络存储","list.jd.com/list.html?cat=670,699,983","Y"
"333","4G/3G上网","list.jd.com/list.html?cat=670,699,1098","Y"
"334","网络盒子","list.jd.com/list.html?cat=670,699,11304","Y"
"335","网络配件","list.jd.com/list.html?cat=670,699,12370","Y"
"336","投影机","list.jd.com/list.html?cat=670,716,722","Y"
"337","投影配件","list.jd.com/list.html?cat=670,716,5010","Y"
"338","多功能一体机","list.jd.com/list.html?cat=670,716,720","Y"
"339","打印机","list.jd.com/list.html?cat=670,716,717","Y"
"340","传真设备","list.jd.com/list.html?cat=670,716,718","Y"
"341","验钞/点钞机","list.jd.com/list.html?cat=670,716,725","Y"
"342","扫描设备","list.jd.com/list.html?cat=670,716,721","Y"
"343","复合机","list.jd.com/list.html?cat=670,716,719","Y"
"344","碎纸机","list.jd.com/list.html?cat=670,716,723","Y"
"345","考勤机","list.jd.com/list.html?cat=670,716,724","Y"
"346","收款/POS机","list.jd.com/list.html?cat=670,716,7373","Y"
"347","会议音频视频","list.jd.com/list.html?cat=670,716,7375","Y"
"348","保险柜","list.jd.com/list.html?cat=670,716,2601","Y"
"349","装订/封装机","list.jd.com/list.html?cat=670,716,4839","Y"
"350","安防监控","list.jd.com/list.html?cat=670,716,7374","Y"
"351","办公家具","list.jd.com/list.html?cat=670,716,11221","Y"
"352","白板","list.jd.com/list.html?cat=670,716,727","Y"
"353","硒鼓/墨粉","list.jd.com/list.html?cat=670,729,730","Y"
"354","墨盒","list.jd.com/list.html?cat=670,729,731","Y"
"355","色带","list.jd.com/list.html?cat=670,729,733","Y"
"356","纸类","list.jd.com/list.html?cat=670,729,736","Y"
"357","办公文具","list.jd.com/list.html?cat=670,729,4837","Y"
"358","学生文具","list.jd.com/list.html?cat=670,729,1449","Y"
"359","财会用品","list.jd.com/list.html?cat=670,729,7372","Y"
"360","文件管理","list.jd.com/list.html?cat=670,729,4840","Y"
"361","本册/便签","list.jd.com/list.html?cat=670,729,7371","Y"
"362","计算器","list.jd.com/list.html?cat=670,729,728","Y"
"363","笔类","list.jd.com/list.html?cat=670,729,2603","Y"
"364","画具画材","list.jd.com/list.html?cat=670,729,12376","Y"
"365","刻录碟片/附件","list.jd.com/list.html?cat=670,729,4838","Y"
"366","上门安装","list.jd.com/list.html?cat=670,703,10011","Y"
"367","延保服务","list.jd.com/list.html?cat=670,703,10969","Y"
"368","维修保养","list.jd.com/list.html?cat=670,703,12429","Y"
"369","电脑软件","list.jd.com/list.html?cat=670,703,5011","Y"
"370","京东服务","list.jd.com/list.html?cat=670,703,1009","Y"
"371","炒锅","list.jd.com/list.html?cat=6196,6197,6199","Y"
"372","煎锅","list.jd.com/list.html?cat=6196,6197,6200","Y"
"373","压力锅","list.jd.com/list.html?cat=6196,6197,6201","Y"
"374","蒸锅","list.jd.com/list.html?cat=6196,6197,6202","Y"
"375","汤锅","list.jd.com/list.html?cat=6196,6197,6203","Y"
"376","奶锅","list.jd.com/list.html?cat=6196,6197,6204","Y"
"377","锅具套装","list.jd.com/list.html?cat=6196,6197,6205","Y"
"378","煲类","list.jd.com/list.html?cat=6196,6197,6206","Y"
"379","水壶","list.jd.com/list.html?cat=6196,6197,6207","Y"
"380","火锅","list.jd.com/list.html?cat=6196,6197,11976","Y"
"381","菜刀","list.jd.com/list.html?cat=6196,6198,6209","Y"
"382","剪刀","list.jd.com/list.html?cat=6196,6198,6210","Y"
"383","刀具套装","list.jd.com/list.html?cat=6196,6198,6211","Y"
"384","砧板","list.jd.com/list.html?cat=6196,6198,6212","Y"
"385","瓜果刀/刨","list.jd.com/list.html?cat=6196,6198,11980","Y"
"386","多功能刀","list.jd.com/list.html?cat=6196,6198,11981","Y"
"387","保鲜盒","list.jd.com/list.html?cat=6196,6214,6215","Y"
"388","烘焙/烧烤","list.jd.com/list.html?cat=6196,6214,6216","Y"
"389","饭盒/提锅","list.jd.com/list.html?cat=6196,6214,6218","Y"
"390","储物/置物架","list.jd.com/list.html?cat=6196,6214,11977","Y"
"391","厨房DIY/小工具","list.jd.com/list.html?cat=6196,6214,11978","Y"
"392","塑料杯","list.jd.com/list.html?cat=6196,6219,6220","Y"
"393","运动水壶","list.jd.com/list.html?cat=6196,6219,6850","Y"
"394","玻璃杯","list.jd.com/list.html?cat=6196,6219,6221","Y"
"395","陶瓷/马克杯","list.jd.com/list.html?cat=6196,6219,6222","Y"
"396","保温杯","list.jd.com/list.html?cat=6196,6219,6223","Y"
"397","保温壶","list.jd.com/list.html?cat=6196,6219,6224","Y"
"398","酒杯/酒具","list.jd.com/list.html?cat=6196,6219,6225","Y"
"399","杯具套装","list.jd.com/list.html?cat=6196,6219,11979","Y"
"400","餐具套装","list.jd.com/list.html?cat=6196,6227,6228","Y"
"401","碗/碟/盘","list.jd.com/list.html?cat=6196,6227,6230","Y"
"402","筷勺/刀叉","list.jd.com/list.html?cat=6196,6227,6231","Y"
"403","一次性用品","list.jd.com/list.html?cat=6196,6227,6232","Y"
"404","果盘/果篮","list.jd.com/list.html?cat=6196,6227,11975","Y"
"405","自助餐炉","list.jd.com/list.html?cat=6196,9182,9183","Y"
"406","酒店餐具","list.jd.com/list.html?cat=6196,9182,9184","Y"
"407","酒店水具","list.jd.com/list.html?cat=6196,9182,9185","Y"
"408","整套茶具","list.jd.com/list.html?cat=6196,11143,11148","Y"
"409","茶杯","list.jd.com/list.html?cat=6196,11143,11149","Y"
"410","茶壶","list.jd.com/list.html?cat=6196,11143,11150","Y"
"411","茶盘茶托","list.jd.com/list.html?cat=6196,11143,11151","Y"
"412","茶叶罐","list.jd.com/list.html?cat=6196,11143,11152","Y"
"413","茶具配件","list.jd.com/list.html?cat=6196,11143,11153","Y"
"414","茶宠摆件","list.jd.com/list.html?cat=6196,11143,11154","Y"
"415","咖啡具","list.jd.com/list.html?cat=6196,11143,11155","Y"
"416","其他","list.jd.com/list.html?cat=6196,11143,11156","Y"
"417","纸品湿巾","list.jd.com/list.html?cat=1316,1625,1671","Y"
"418","衣物清洁","list.jd.com/list.html?cat=1316,1625,1662","Y"
"419","清洁工具","list.jd.com/list.html?cat=1316,1625,1667","Y"
"420","驱虫用品","list.jd.com/list.html?cat=1316,1625,1669","Y"
"421","家庭清洁","list.jd.com/list.html?cat=1316,1625,1663","Y"
"422","皮具护理","list.jd.com/list.html?cat=1316,1625,1670","Y"
"423","一次性用品","list.jd.com/list.html?cat=1316,1625,11970","Y"
"424","洁面","list.jd.com/list.html?cat=1316,1381,1389","Y"
"425","乳液面霜","list.jd.com/list.html?cat=1316,1381,1391","Y"
"426","面膜","list.jd.com/list.html?cat=1316,1381,1392","Y"
"427","剃须","list.jd.com/list.html?cat=1316,1381,1416","Y"
"428","套装","list.jd.com/list.html?cat=1316,1381,1396","Y"
"429","精华","list.jd.com/list.html?cat=1316,1381,13546","Y"
"430","眼霜","list.jd.com/list.html?cat=1316,1381,13547","Y"
"431","卸妆","list.jd.com/list.html?cat=1316,1381,13544","Y"
"432","防晒","list.jd.com/list.html?cat=1316,1381,13548","Y"
"433","防晒隔离","list.jd.com/list.html?cat=1316,1381,5160","Y"
"434","T区护理","list.jd.com/list.html?cat=1316,1381,1395","Y"
"435","眼部护理","list.jd.com/list.html?cat=1316,1381,1393","Y"
"436","精华露","list.jd.com/list.html?cat=1316,1381,5147","Y"
"437","爽肤水","list.jd.com/list.html?cat=1316,1381,1390","Y"
"438","沐浴","list.jd.com/list.html?cat=1316,1383,1401","Y"
"439","润肤","list.jd.com/list.html?cat=1316,1383,1404","Y"
"440","颈部","list.jd.com/list.html?cat=1316,1383,1394","Y"
"441","手足","list.jd.com/list.html?cat=1316,1383,2562","Y"
"442","纤体塑形","list.jd.com/list.html?cat=1316,1383,5164","Y"
"443","美胸","list.jd.com/list.html?cat=1316,1383,11928","Y"
"444","套装","list.jd.com/list.html?cat=1316,1383,11929","Y"
"445","精油","list.jd.com/list.html?cat=1316,1383,13551","Y"
"446","洗发护发","list.jd.com/list.html?cat=1316,1383,5148","Y"
"447","染发/造型","list.jd.com/list.html?cat=1316,1383,5149","Y"
"448","香薰精油","list.jd.com/list.html?cat=1316,1383,5163","Y"
"449","磨砂/浴盐","list.jd.com/list.html?cat=1316,1383,5162","Y"
"450","手工/香皂","list.jd.com/list.html?cat=1316,1383,5161","Y"
"451","洗发","list.jd.com/list.html?cat=1316,1383,1397","Y"
"452","护发","list.jd.com/list.html?cat=1316,1383,1398","Y"
"453","染发","list.jd.com/list.html?cat=1316,1383,1400","Y"
"454","磨砂膏","list.jd.com/list.html?cat=1316,1383,1403","Y"
"455","香皂","list.jd.com/list.html?cat=1316,1383,1402","Y"
"456","牙膏/牙粉","list.jd.com/list.html?cat=1316,1384,1405","Y"
"457","牙刷/牙线","list.jd.com/list.html?cat=1316,1384,1406","Y"
"458","漱口水","list.jd.com/list.html?cat=1316,1384,1407","Y"
"459","套装","list.jd.com/list.html?cat=1316,1384,11930","Y"
"460","卫生巾","list.jd.com/list.html?cat=1316,1385,1408","Y"
"461","卫生护垫","list.jd.com/list.html?cat=1316,1385,1409","Y"
"462","私密护理","list.jd.com/list.html?cat=1316,1385,1410","Y"
"463","脱毛膏","list.jd.com/list.html?cat=1316,1385,5150","Y"
"464","其他","list.jd.com/list.html?cat=1316,1385,1411","Y"
"465","洗发","list.jd.com/list.html?cat=1316,1386,11922","Y"
"466","护发","list.jd.com/list.html?cat=1316,1386,11923","Y"
"467","染发","list.jd.com/list.html?cat=1316,1386,11924","Y"
"468","造型","list.jd.com/list.html?cat=1316,1386,11925","Y"
"469","假发","list.jd.com/list.html?cat=1316,1386,4699","Y"
"470","套装","list.jd.com/list.html?cat=1316,1386,6739","Y"
"471","美发工具","list.jd.com/list.html?cat=1316,1386,13550","Y"
"472","脸部护理","list.jd.com/list.html?cat=1316,1386,1412","Y"
"473","香水","list.jd.com/list.html?cat=1316,1387,11932","Y"
"474","底妆","list.jd.com/list.html?cat=1316,1387,1420","Y"
"475","腮红","list.jd.com/list.html?cat=1316,1387,1421","Y"
"476","眼影","list.jd.com/list.html?cat=1316,1387,1422","Y"
"477","唇部","list.jd.com/list.html?cat=1316,1387,1425","Y"
"478","美甲","list.jd.com/list.html?cat=1316,1387,1428","Y"
"479","眼线","list.jd.com/list.html?cat=1316,1387,13549","Y"
"480","美妆工具","list.jd.com/list.html?cat=1316,1387,1429","Y"
"481","套装","list.jd.com/list.html?cat=1316,1387,1426","Y"
"482","防晒隔离","list.jd.com/list.html?cat=1316,1387,1419","Y"
"483","卸妆","list.jd.com/list.html?cat=1316,1387,1427","Y"
"484","眉笔","list.jd.com/list.html?cat=1316,1387,1423","Y"
"485","睫毛膏","list.jd.com/list.html?cat=1316,1387,1424","Y"
"486","T恤","list.jd.com/list.html?cat=1315,1343,1355","Y"
"487","衬衫","list.jd.com/list.html?cat=1315,1343,1354","Y"
"488","针织衫","list.jd.com/list.html?cat=1315,1343,1356","Y"
"489","雪纺衫","list.jd.com/list.html?cat=1315,1343,9713","Y"
"490","卫衣","list.jd.com/list.html?cat=1315,1343,9710","Y"
"491","马甲","list.jd.com/list.html?cat=1315,1343,9714","Y"
"492","连衣裙","list.jd.com/list.html?cat=1315,1343,9719","Y"
"493","半身裙","list.jd.com/list.html?cat=1315,1343,9720","Y"
"494","牛仔裤","list.jd.com/list.html?cat=1315,1343,9715","Y"
"495","休闲裤","list.jd.com/list.html?cat=1315,1343,9717","Y"
"496","打底裤","list.jd.com/list.html?cat=1315,1343,9716","Y"
"497","正装裤","list.jd.com/list.html?cat=1315,1343,9718","Y"
"498","小西装","list.jd.com/list.html?cat=1315,1343,9711","Y"
"499","短外套","list.jd.com/list.html?cat=1315,1343,9712","Y"
"500","风衣","list.jd.com/list.html?cat=1315,1343,9708","Y"
"501","毛呢大衣","list.jd.com/list.html?cat=1315,1343,9706","Y"
"502","真皮皮衣","list.jd.com/list.html?cat=1315,1343,9707","Y"
"503","棉服","list.jd.com/list.html?cat=1315,1343,9705","Y"
"504","羽绒服","list.jd.com/list.html?cat=1315,1343,3983","Y"
"505","大码女装","list.jd.com/list.html?cat=1315,1343,9722","Y"
"506","中老年女装","list.jd.com/list.html?cat=1315,1343,9721","Y"
"507","婚纱","list.jd.com/list.html?cat=1315,1343,9723","Y"
"508","打底衫","list.jd.com/list.html?cat=1315,1343,11985","Y"
"509","旗袍/唐装","list.jd.com/list.html?cat=1315,1343,11986","Y"
"510","加绒裤","list.jd.com/list.html?cat=1315,1343,11987","Y"
"511","吊带/背心","list.jd.com/list.html?cat=1315,1343,11988","Y"
"512","羊绒衫","list.jd.com/list.html?cat=1315,1343,11989","Y"
"513","短裤","list.jd.com/list.html?cat=1315,1343,11991","Y"
"514","皮草","list.jd.com/list.html?cat=1315,1343,11993","Y"
"515","礼服","list.jd.com/list.html?cat=1315,1343,11996","Y"
"516","仿皮皮衣","list.jd.com/list.html?cat=1315,1343,11998","Y"
"517","羊毛衫","list.jd.com/list.html?cat=1315,1343,11999","Y"
"518","设计师/潮牌","list.jd.com/list.html?cat=1315,1343,12000","Y"
"519","衬衫","list.jd.com/list.html?cat=1315,1342,1348","Y"
"520","T恤","list.jd.com/list.html?cat=1315,1342,1349","Y"
"521","POLO衫","list.jd.com/list.html?cat=1315,1342,9733","Y"
"522","针织衫","list.jd.com/list.html?cat=1315,1342,1350","Y"
"523","羊绒衫","list.jd.com/list.html?cat=1315,1342,9726","Y"
"524","卫衣","list.jd.com/list.html?cat=1315,1342,9732","Y"
"525","马甲/背心","list.jd.com/list.html?cat=1315,1342,9734","Y"
"526","夹克","list.jd.com/list.html?cat=1315,1342,9730","Y"
"527","风衣","list.jd.com/list.html?cat=1315,1342,9728","Y"
"528","毛呢大衣","list.jd.com/list.html?cat=1315,1342,9729","Y"
"529","仿皮皮衣","list.jd.com/list.html?cat=1315,1342,9725","Y"
"530","西服","list.jd.com/list.html?cat=1315,1342,9731","Y"
"531","棉服","list.jd.com/list.html?cat=1315,1342,9724","Y"
"532","羽绒服","list.jd.com/list.html?cat=1315,1342,3982","Y"
"533","牛仔裤","list.jd.com/list.html?cat=1315,1342,9735","Y"
"534","休闲裤","list.jd.com/list.html?cat=1315,1342,9736","Y"
"535","西裤","list.jd.com/list.html?cat=1315,1342,9737","Y"
"536","西服套装","list.jd.com/list.html?cat=1315,1342,9738","Y"
"537","大码男装","list.jd.com/list.html?cat=1315,1342,9739","Y"
"538","中老年男装","list.jd.com/list.html?cat=1315,1342,9740","Y"
"539","唐装/中山装","list.jd.com/list.html?cat=1315,1342,9741","Y"
"540","工装","list.jd.com/list.html?cat=1315,1342,9742","Y"
"541","真皮皮衣","list.jd.com/list.html?cat=1315,1342,12001","Y"
"542","加绒裤","list.jd.com/list.html?cat=1315,1342,12002","Y"
"543","卫裤/运动裤","list.jd.com/list.html?cat=1315,1342,12003","Y"
"544","短裤","list.jd.com/list.html?cat=1315,1342,12004","Y"
"545","设计师/潮牌","list.jd.com/list.html?cat=1315,1342,12005","Y"
"546","羊毛衫","list.jd.com/list.html?cat=1315,1342,12089","Y"
"547","文胸","list.jd.com/list.html?cat=1315,1345,1364","Y"
"548","女式内裤","list.jd.com/list.html?cat=1315,1345,9743","Y"
"549","男式内裤","list.jd.com/list.html?cat=1315,1345,9744","Y"
"550","睡衣/家居服","list.jd.com/list.html?cat=1315,1345,1371","Y"
"551","塑身美体","list.jd.com/list.html?cat=1315,1345,9747","Y"
"552","泳衣","list.jd.com/list.html?cat=1315,1345,9753","Y"
"553","吊带/背心","list.jd.com/list.html?cat=1315,1345,1365","Y"
"554","抹胸","list.jd.com/list.html?cat=1315,1345,9751","Y"
"555","连裤袜/丝袜","list.jd.com/list.html?cat=1315,1345,9748","Y"
"556","美腿袜","list.jd.com/list.html?cat=1315,1345,9749","Y"
"557","商务男袜","list.jd.com/list.html?cat=1315,1345,9745","Y"
"558","保暖内衣","list.jd.com/list.html?cat=1315,1345,1369","Y"
"559","情侣睡衣","list.jd.com/list.html?cat=1315,1345,12006","Y"
"560","文胸套装","list.jd.com/list.html?cat=1315,1345,12008","Y"
"561","少女文胸","list.jd.com/list.html?cat=1315,1345,12009","Y"
"562","休闲棉袜","list.jd.com/list.html?cat=1315,1345,12010","Y"
"563","大码内衣","list.jd.com/list.html?cat=1315,1345,12011","Y"
"564","内衣配件","list.jd.com/list.html?cat=1315,1345,12012","Y"
"565","打底裤袜","list.jd.com/list.html?cat=1315,1345,12013","Y"
"566","打底衫","list.jd.com/list.html?cat=1315,1345,12014","Y"
"567","秋衣秋裤","list.jd.com/list.html?cat=1315,1345,12015","Y"
"568","情趣内衣","list.jd.com/list.html?cat=1315,1345,1368","Y"
"569","服装洗护","list.jd.com/list.html?cat=1315,13529,13530","Y"
"570","太阳镜","list.jd.com/list.html?cat=1315,1346,9790","Y"
"571","光学镜架/镜片","list.jd.com/list.html?cat=1315,1346,9789","Y"
"572","围巾/手套/帽子套装","list.jd.com/list.html?cat=1315,1346,1376","Y"
"573","袖扣","list.jd.com/list.html?cat=1315,1346,1378","Y"
"574","棒球帽","list.jd.com/list.html?cat=1315,1346,9792","Y"
"575","毛线帽","list.jd.com/list.html?cat=1315,1346,9793","Y"
"576","遮阳帽","list.jd.com/list.html?cat=1315,1346,9794","Y"
"577","老花镜","list.jd.com/list.html?cat=1315,1346,12017","Y"
"578","装饰眼镜","list.jd.com/list.html?cat=1315,1346,12018","Y"
"579","防辐射眼镜","list.jd.com/list.html?cat=1315,1346,12019","Y"
"580","游泳镜","list.jd.com/list.html?cat=1315,1346,12020","Y"
"581","女士丝巾/围巾/披肩","list.jd.com/list.html?cat=1315,1346,12021","Y"
"582","男士丝巾/围巾","list.jd.com/list.html?cat=1315,1346,12022","Y"
"583","鸭舌帽","list.jd.com/list.html?cat=1315,1346,12023","Y"
"584","贝雷帽","list.jd.com/list.html?cat=1315,1346,12024","Y"
"585","礼帽","list.jd.com/list.html?cat=1315,1346,12025","Y"
"586","真皮手套","list.jd.com/list.html?cat=1315,1346,12026","Y"
"587","毛线手套","list.jd.com/list.html?cat=1315,1346,12027","Y"
"588","防晒手套","list.jd.com/list.html?cat=1315,1346,12028","Y"
"589","男士腰带/礼盒","list.jd.com/list.html?cat=1315,1346,12029","Y"
"590","女士腰带/礼盒","list.jd.com/list.html?cat=1315,1346,12030","Y"
"591","钥匙扣","list.jd.com/list.html?cat=1315,1346,12033","Y"
"592","遮阳伞/雨伞","list.jd.com/list.html?cat=1315,1346,12034","Y"
"593","口罩","list.jd.com/list.html?cat=1315,1346,12035","Y"
"594","耳罩/耳包","list.jd.com/list.html?cat=1315,1346,12036","Y"
"595","假领","list.jd.com/list.html?cat=1315,1346,12037","Y"
"596","毛线/布面料","list.jd.com/list.html?cat=1315,1346,12038","Y"
"597","领带/领结/领带夹","list.jd.com/list.html?cat=1315,1346,12039","Y"
"598","男表","list.jd.com/list.html?cat=5025,5026,12091","Y"
"599","瑞表","list.jd.com/list.html?cat=5025,5026,13673","Y"
"600","女表","list.jd.com/list.html?cat=5025,5026,12092","Y"
"601","国表","list.jd.com/list.html?cat=5025,5026,13674","Y"
"602","日韩表","list.jd.com/list.html?cat=5025,5026,13669","Y"
"603","欧美表","list.jd.com/list.html?cat=5025,5026,13668","Y"
"604","德表","list.jd.com/list.html?cat=5025,5026,13672","Y"
"605","儿童手表","list.jd.com/list.html?cat=5025,5026,12093","Y"
"606","智能手表","list.jd.com/list.html?cat=5025,5026,12417","Y"
"607","闹钟","list.jd.com/list.html?cat=5025,5026,13670","Y"
"608","座钟挂钟","list.jd.com/list.html?cat=5025,5026,12094","Y"
"609","钟表配件","list.jd.com/list.html?cat=5025,5026,13671","Y"
"610","商务休闲鞋","list.jd.com/list.html?cat=11729,11730,6907","Y"
"611","正装鞋","list.jd.com/list.html?cat=11729,11730,6906","Y"
"612","休闲鞋","list.jd.com/list.html?cat=11729,11730,6908","Y"
"613","凉鞋/沙滩鞋","list.jd.com/list.html?cat=11729,11730,6909","Y"
"614","男靴","list.jd.com/list.html?cat=11729,11730,6912","Y"
"615","功能鞋","list.jd.com/list.html?cat=11729,11730,9781","Y"
"616","拖鞋/人字拖","list.jd.com/list.html?cat=11729,11730,6911","Y"
"617","雨鞋/雨靴","list.jd.com/list.html?cat=11729,11730,9782","Y"
"618","传统布鞋","list.jd.com/list.html?cat=11729,11730,6910","Y"
"619","鞋配件","list.jd.com/list.html?cat=11729,11730,6913","Y"
"620","帆布鞋","list.jd.com/list.html?cat=11729,11730,9783","Y"
"621","增高鞋","list.jd.com/list.html?cat=11729,11730,12066","Y"
"622","工装鞋","list.jd.com/list.html?cat=11729,11730,12067","Y"
"623","定制鞋","list.jd.com/list.html?cat=11729,11730,12068","Y"
"624","高跟鞋","list.jd.com/list.html?cat=11729,11731,9772","Y"
"625","单鞋","list.jd.com/list.html?cat=11729,11731,6914","Y"
"626","休闲鞋","list.jd.com/list.html?cat=11729,11731,6916","Y"
"627","凉鞋","list.jd.com/list.html?cat=11729,11731,6917","Y"
"628","女靴","list.jd.com/list.html?cat=11729,11731,9776","Y"
"629","雪地靴","list.jd.com/list.html?cat=11729,11731,6920","Y"
"630","拖鞋/人字拖","list.jd.com/list.html?cat=11729,11731,9775","Y"
"631","踝靴","list.jd.com/list.html?cat=11729,11731,9769","Y"
"632","筒靴","list.jd.com/list.html?cat=11729,11731,9770","Y"
"633","帆布鞋","list.jd.com/list.html?cat=11729,11731,9774","Y"
"634","雨鞋/雨靴","list.jd.com/list.html?cat=11729,11731,9777","Y"
"635","妈妈鞋","list.jd.com/list.html?cat=11729,11731,9778","Y"
"636","鞋配件","list.jd.com/list.html?cat=11729,11731,9779","Y"
"637","特色鞋","list.jd.com/list.html?cat=11729,11731,9780","Y"
"638","鱼嘴鞋","list.jd.com/list.html?cat=11729,11731,6915","Y"
"639","布鞋/绣花鞋","list.jd.com/list.html?cat=11729,11731,6918","Y"
"640","马丁靴","list.jd.com/list.html?cat=11729,11731,12060","Y"
"641","坡跟鞋","list.jd.com/list.html?cat=11729,11731,12061","Y"
"642","松糕鞋","list.jd.com/list.html?cat=11729,11731,12062","Y"
"643","内增高","list.jd.com/list.html?cat=11729,11731,12063","Y"
"644","防水台","list.jd.com/list.html?cat=11729,11731,12064","Y"
"645","婴幼奶粉","list.jd.com/list.html?cat=1319,1523,7052","Y"
"646","孕妈奶粉","list.jd.com/list.html?cat=1319,1523,7054","Y"
"647","益生菌/初乳","list.jd.com/list.html?cat=1319,1524,1537","Y"
"648","米粉/菜粉","list.jd.com/list.html?cat=1319,1524,1533","Y"
"649","果泥/果汁","list.jd.com/list.html?cat=1319,1524,1534","Y"
"650","DHA","list.jd.com/list.html?cat=1319,1524,7055","Y"
"651","宝宝零食","list.jd.com/list.html?cat=1319,1524,12191","Y"
"652","钙铁锌/维生素","list.jd.com/list.html?cat=1319,1524,1538","Y"
"653","清火/开胃","list.jd.com/list.html?cat=1319,1524,1539","Y"
"654","面条/粥","list.jd.com/list.html?cat=1319,1524,9399","Y"
"655","婴儿尿裤","list.jd.com/list.html?cat=1319,1525,7057","Y"
"656","拉拉裤","list.jd.com/list.html?cat=1319,1525,1546","Y"
"657","婴儿湿巾","list.jd.com/list.html?cat=1319,1525,1548","Y"
"658","成人尿裤","list.jd.com/list.html?cat=1319,1525,7058","Y"
"659","奶瓶奶嘴","list.jd.com/list.html?cat=1319,1526,7060","Y"
"660","吸奶器","list.jd.com/list.html?cat=1319,1526,1550","Y"
"661","暖奶消毒","list.jd.com/list.html?cat=1319,1526,1551","Y"
"662","儿童餐具","list.jd.com/list.html?cat=1319,1526,1552","Y"
"663","水壶/水杯","list.jd.com/list.html?cat=1319,1526,7061","Y"
"664","牙胶安抚","list.jd.com/list.html?cat=1319,1526,1553","Y"
"665","围兜/防溅衣","list.jd.com/list.html?cat=1319,1526,13286","Y"
"666","辅食料理机","list.jd.com/list.html?cat=1319,1526,12197","Y"
"667","食物存储","list.jd.com/list.html?cat=1319,1526,13287","Y"
"668","宝宝护肤","list.jd.com/list.html?cat=1319,1527,1556","Y"
"669","洗发沐浴","list.jd.com/list.html?cat=1319,1527,1555","Y"
"670","奶瓶清洗","list.jd.com/list.html?cat=1319,1527,1558","Y"
"671","驱蚊防晒","list.jd.com/list.html?cat=1319,1527,1560","Y"
"672","理发器","list.jd.com/list.html?cat=1319,1527,12341","Y"
"673","洗澡用具","list.jd.com/list.html?cat=1319,1527,13288","Y"
"674","婴儿口腔清洁","list.jd.com/list.html?cat=1319,1527,13289","Y"
"675","洗衣液/皂","list.jd.com/list.html?cat=1319,1527,1557","Y"
"676","日常护理","list.jd.com/list.html?cat=1319,1527,1559","Y"
"677","座便器","list.jd.com/list.html?cat=1319,1527,1562","Y"
"678","婴儿推车","list.jd.com/list.html?cat=1319,1528,1563","Y"
"679","餐椅摇椅","list.jd.com/list.html?cat=1319,1528,1565","Y"
"680","婴儿床","list.jd.com/list.html?cat=1319,1528,1564","Y"
"681","学步车","list.jd.com/list.html?cat=1319,1528,1568","Y"
"682","三轮车","list.jd.com/list.html?cat=1319,1528,1569","Y"
"683","自行车","list.jd.com/list.html?cat=1319,1528,1566","Y"
"684","电动车","list.jd.com/list.html?cat=1319,1528,1567","Y"
"685","扭扭车","list.jd.com/list.html?cat=1319,1528,4702","Y"
"686","滑板车","list.jd.com/list.html?cat=1319,1528,12192","Y"
"687","婴儿床垫","list.jd.com/list.html?cat=1319,1528,13293","Y"
"688","婴儿外出服","list.jd.com/list.html?cat=1319,6313,6314","Y"
"689","婴儿内衣","list.jd.com/list.html?cat=1319,6313,11234","Y"
"690","婴儿礼盒","list.jd.com/list.html?cat=1319,6313,11235","Y"
"691","婴儿鞋帽袜","list.jd.com/list.html?cat=1319,6313,6315","Y"
"692","安全防护","list.jd.com/list.html?cat=1319,6313,6317","Y"
"693","家居床品","list.jd.com/list.html?cat=1319,6313,6316","Y"
"694","睡袋/抱被","list.jd.com/list.html?cat=1319,6313,13290","Y"
"695","爬行垫","list.jd.com/list.html?cat=1319,6313,13291","Y"
"696","妈咪包/背婴带","list.jd.com/list.html?cat=1319,4997,5002","Y"
"697","产后塑身","list.jd.com/list.html?cat=1319,4997,5001","Y"
"698","文胸/内裤","list.jd.com/list.html?cat=1319,4997,7062","Y"
"699","防辐射服","list.jd.com/list.html?cat=1319,4997,4999","Y"
"700","孕妈装","list.jd.com/list.html?cat=1319,4997,4998","Y"
"701","孕期营养","list.jd.com/list.html?cat=1319,4997,6319","Y"
"702","孕妇护肤","list.jd.com/list.html?cat=1319,4997,5000","Y"
"703","待产护理","list.jd.com/list.html?cat=1319,4997,12198","Y"
"704","月子装","list.jd.com/list.html?cat=1319,4997,12199","Y"
"705","防溢乳垫","list.jd.com/list.html?cat=1319,4997,13292","Y"
"706","套装","list.jd.com/list.html?cat=1319,11842,11222","Y"
"707","上衣","list.jd.com/list.html?cat=1319,11842,11223","Y"
"708","裤子","list.jd.com/list.html?cat=1319,11842,11224","Y"
"709","裙子","list.jd.com/list.html?cat=1319,11842,11225","Y"
"710","内衣/家居服","list.jd.com/list.html?cat=1319,11842,11227","Y"
"711","羽绒服/棉服","list.jd.com/list.html?cat=1319,11842,11226","Y"
"712","亲子装","list.jd.com/list.html?cat=1319,11842,4937","Y"
"713","儿童配饰","list.jd.com/list.html?cat=1319,11842,3977","Y"
"714","礼服/演出服","list.jd.com/list.html?cat=1319,11842,11228","Y"
"715","运动鞋","list.jd.com/list.html?cat=1319,11842,11229","Y"
"716","皮鞋/帆布鞋","list.jd.com/list.html?cat=1319,11842,11230","Y"
"717","靴子","list.jd.com/list.html?cat=1319,11842,11231","Y"
"718","凉鞋","list.jd.com/list.html?cat=1319,11842,11232","Y"
"719","功能鞋","list.jd.com/list.html?cat=1319,11842,11233","Y"
"720","户外/运动服","list.jd.com/list.html?cat=1319,11842,11843","Y"
"721","提篮式","list.jd.com/list.html?cat=1319,12193,12194","Y"
"722","安全座椅","list.jd.com/list.html?cat=1319,12193,12195","Y"
"723","增高垫","list.jd.com/list.html?cat=1319,12193,12196","Y"
"724","钱包","list.jd.com/list.html?cat=1672,2575,2580","Y"
"725","手拿包","list.jd.com/list.html?cat=1672,2575,5256","Y"
"726","单肩包","list.jd.com/list.html?cat=1672,2575,5257","Y"
"727","双肩包","list.jd.com/list.html?cat=1672,2575,5258","Y"
"728","手提包","list.jd.com/list.html?cat=1672,2575,5259","Y"
"729","斜挎包","list.jd.com/list.html?cat=1672,2575,5260","Y"
"730","钥匙包","list.jd.com/list.html?cat=1672,2575,12069","Y"
"731","卡包/零钱包","list.jd.com/list.html?cat=1672,2575,12070","Y"
"732","男士钱包","list.jd.com/list.html?cat=1672,2576,2584","Y"
"733","男士手包","list.jd.com/list.html?cat=1672,2576,5262","Y"
"734","卡包名片夹","list.jd.com/list.html?cat=1672,2576,13542","Y"
"735","商务公文包","list.jd.com/list.html?cat=1672,2576,1455","Y"
"736","双肩包","list.jd.com/list.html?cat=1672,2576,12071","Y"
"737","单肩/斜挎包","list.jd.com/list.html?cat=1672,2576,12072","Y"
"738","钥匙包","list.jd.com/list.html?cat=1672,2576,12073","Y"
"739","电脑包","list.jd.com/list.html?cat=1672,2577,3997","Y"
"740","拉杆箱","list.jd.com/list.html?cat=1672,2577,2589","Y"
"741","旅行包","list.jd.com/list.html?cat=1672,2577,2588","Y"
"742","旅行配件","list.jd.com/list.html?cat=1672,2577,4000","Y"
"743","休闲运动包","list.jd.com/list.html?cat=1672,2577,3998","Y"
"744","拉杆包","list.jd.com/list.html?cat=1672,2577,13543","Y"
"745","登山包","list.jd.com/list.html?cat=1672,2577,2587","Y"
"746","妈咪包","list.jd.com/list.html?cat=1672,2577,5271","Y"
"747","书包","list.jd.com/list.html?cat=1672,2577,5265","Y"
"748","相机包","list.jd.com/list.html?cat=1672,2577,12074","Y"
"749","腰包/胸包","list.jd.com/list.html?cat=1672,2577,12076","Y"
"750","火机烟具","list.jd.com/list.html?cat=1672,2599,1440","Y"
"751","礼品文具","list.jd.com/list.html?cat=1672,2599,1442","Y"
"752","军刀军具","list.jd.com/list.html?cat=1672,2599,1443","Y"
"753","收藏品","list.jd.com/list.html?cat=1672,2599,1444","Y"
"754","工艺礼品","list.jd.com/list.html?cat=1672,2599,1445","Y"
"755","创意礼品","list.jd.com/list.html?cat=1672,2599,5266","Y"
"756","礼盒礼券","list.jd.com/list.html?cat=1672,2599,1446","Y"
"757","鲜花绿植","list.jd.com/list.html?cat=1672,2599,4698","Y"
"758","婚庆节庆","list.jd.com/list.html?cat=1672,2599,4942","Y"
"759","京东卡","list.jd.com/list.html?cat=1672,2599,6980","Y"
"760","美妆礼品","list.jd.com/list.html?cat=1672,2599,12078","Y"
"761","礼品定制","list.jd.com/list.html?cat=1672,2599,12079","Y"
"762","京东福卡","list.jd.com/list.html?cat=1672,2599,13104","Y"
"763","古董文玩","list.jd.com/list.html?cat=1672,2599,12080","Y"
"764","箱包","list.jd.com/list.html?cat=1672,2615,9186","Y"
"765","钱包","list.jd.com/list.html?cat=1672,2615,9187","Y"
"766","服饰","list.jd.com/list.html?cat=1672,2615,9188","Y"
"767","腰带","list.jd.com/list.html?cat=1672,2615,9189","Y"
"768","太阳镜/眼镜框","list.jd.com/list.html?cat=1672,2615,9190","Y"
"769","配件","list.jd.com/list.html?cat=1672,2615,9191","Y"
"770","鞋靴","list.jd.com/list.html?cat=1672,2615,11934","Y"
"771","饰品","list.jd.com/list.html?cat=1672,2615,11935","Y"
"772","名品腕表","list.jd.com/list.html?cat=1672,2615,11936","Y"
"773","高档化妆品","list.jd.com/list.html?cat=1672,2615,11937","Y"
"774","婚嫁首饰","list.jd.com/list.html?cat=1672,12059,7066","Y"
"775","婚纱摄影","list.jd.com/list.html?cat=1672,12059,7067","Y"
"776","婚纱礼服","list.jd.com/list.html?cat=1672,12059,7068","Y"
"777","婚庆服务","list.jd.com/list.html?cat=1672,12059,7069","Y"
"778","婚庆礼品/用品","list.jd.com/list.html?cat=1672,12059,7070","Y"
"779","婚宴","list.jd.com/list.html?cat=1672,12059,7071","Y"
"780","饼干蛋糕","list.jd.com/list.html?cat=1320,5019,5020","Y"
"781","糖果/巧克力","list.jd.com/list.html?cat=1320,5019,5021","Y"
"782","休闲零食","list.jd.com/list.html?cat=1320,5019,5022","Y"
"783","冲调饮品","list.jd.com/list.html?cat=1320,5019,5023","Y"
"784","粮油调味","list.jd.com/list.html?cat=1320,5019,5024","Y"
"785","牛奶","list.jd.com/list.html?cat=1320,5019,12215","Y"
"786","其他特产","list.jd.com/list.html?cat=1320,1581,12217","Y"
"787","新疆","list.jd.com/list.html?cat=1320,1581,1589","Y"
"788","北京","list.jd.com/list.html?cat=1320,1581,2644","Y"
"789","山西","list.jd.com/list.html?cat=1320,1581,2647","Y"
"790","内蒙古","list.jd.com/list.html?cat=1320,1581,2648","Y"
"791","福建","list.jd.com/list.html?cat=1320,1581,2653","Y"
"792","湖南","list.jd.com/list.html?cat=1320,1581,2656","Y"
"793","四川","list.jd.com/list.html?cat=1320,1581,2669","Y"
"794","云南","list.jd.com/list.html?cat=1320,1581,2670","Y"
"795","东北","list.jd.com/list.html?cat=1320,1581,4693","Y"
"796","休闲零食","list.jd.com/list.html?cat=1320,1583,1590","Y"
"797","坚果炒货","list.jd.com/list.html?cat=1320,1583,1591","Y"
"798","肉干肉脯","list.jd.com/list.html?cat=1320,1583,1592","Y"
"799","蜜饯果干","list.jd.com/list.html?cat=1320,1583,1593","Y"
"800","糖果/巧克力","list.jd.com/list.html?cat=1320,1583,1594","Y"
"801","饼干蛋糕","list.jd.com/list.html?cat=1320,1583,1595","Y"
"802","无糖食品","list.jd.com/list.html?cat=1320,1583,7121","Y"
"803","米面杂粮","list.jd.com/list.html?cat=1320,1584,2675","Y"
"804","食用油","list.jd.com/list.html?cat=1320,1584,2676","Y"
"805","调味品","list.jd.com/list.html?cat=1320,1584,2677","Y"
"806","南北干货","list.jd.com/list.html?cat=1320,1584,2678","Y"
"807","方便食品","list.jd.com/list.html?cat=1320,1584,2679","Y"
"808","有机食品","list.jd.com/list.html?cat=1320,1584,2680","Y"
"809","饮用水","list.jd.com/list.html?cat=1320,1585,10975","Y"
"810","饮料","list.jd.com/list.html?cat=1320,1585,1602","Y"
"811","牛奶乳品","list.jd.com/list.html?cat=1320,1585,9434","Y"
"812","咖啡/奶茶","list.jd.com/list.html?cat=1320,1585,3986","Y"
"813","冲饮谷物","list.jd.com/list.html?cat=1320,1585,1601","Y"
"814","蜂蜜/柚子茶","list.jd.com/list.html?cat=1320,1585,12200","Y"
"815","成人奶粉","list.jd.com/list.html?cat=1320,1585,12201","Y"
"816","月饼","list.jd.com/list.html?cat=1320,2641,2642","Y"
"817","大闸蟹","list.jd.com/list.html?cat=1320,2641,2643","Y"
"818","粽子","list.jd.com/list.html?cat=1320,2641,4935","Y"
"819","卡券","list.jd.com/list.html?cat=1320,2641,12216","Y"
"820","铁观音","list.jd.com/list.html?cat=1320,12202,12203","Y"
"821","普洱","list.jd.com/list.html?cat=1320,12202,12204","Y"
"822","龙井","list.jd.com/list.html?cat=1320,12202,12205","Y"
"823","绿茶","list.jd.com/list.html?cat=1320,12202,12206","Y"
"824","红茶","list.jd.com/list.html?cat=1320,12202,12207","Y"
"825","乌龙茶","list.jd.com/list.html?cat=1320,12202,12208","Y"
"826","花草茶","list.jd.com/list.html?cat=1320,12202,12209","Y"
"827","花果茶","list.jd.com/list.html?cat=1320,12202,12210","Y"
"828","养生茶","list.jd.com/list.html?cat=1320,12202,12211","Y"
"829","黑茶","list.jd.com/list.html?cat=1320,12202,12212","Y"
"830","白茶","list.jd.com/list.html?cat=1320,12202,12213","Y"
"831","其它茶","list.jd.com/list.html?cat=1320,12202,12214","Y"
"832","项链","list.jd.com/list.html?cat=6144,6182,6188","Y"
"833","手链/脚链","list.jd.com/list.html?cat=6144,6182,6189","Y"
"834","戒指","list.jd.com/list.html?cat=6144,6182,6190","Y"
"835","耳饰","list.jd.com/list.html?cat=6144,6182,6191","Y"
"836","毛衣链","list.jd.com/list.html?cat=6144,6182,13069","Y"
"837","发饰/发卡","list.jd.com/list.html?cat=6144,6182,6192","Y"
"838","胸针","list.jd.com/list.html?cat=6144,6182,6193","Y"
"839","饰品配件","list.jd.com/list.html?cat=6144,6182,6195","Y"
"840","婚庆饰品","list.jd.com/list.html?cat=6144,6182,6194","Y"
"841","黄金吊坠","list.jd.com/list.html?cat=6144,6145,6147","Y"
"842","黄金项链","list.jd.com/list.html?cat=6144,6145,13101","Y"
"843","黄金转运珠","list.jd.com/list.html?cat=6144,6145,13065","Y"
"844","黄金手镯/手链/脚链","list.jd.com/list.html?cat=6144,6145,6148","Y"
"845","黄金耳饰","list.jd.com/list.html?cat=6144,6145,6150","Y"
"846","黄金戒指","list.jd.com/list.html?cat=6144,6145,6149","Y"
"847","K金吊坠","list.jd.com/list.html?cat=6144,13062,13063","Y"
"848","K金项链","list.jd.com/list.html?cat=6144,13062,13064","Y"
"849","K金手镯/手链/脚链","list.jd.com/list.html?cat=6144,13062,13066","Y"
"850","K金戒指","list.jd.com/list.html?cat=6144,13062,13067","Y"
"851","K金耳饰","list.jd.com/list.html?cat=6144,13062,13068","Y"
"852","投资金","list.jd.com/list.html?cat=6144,6146,6151","Y"
"853","投资银","list.jd.com/list.html?cat=6144,6146,6152","Y"
"854","投资收藏","list.jd.com/list.html?cat=6144,6146,13531","Y"
"855","银吊坠/项链","list.jd.com/list.html?cat=6144,6155,6156","Y"
"856","银手镯/手链/脚链","list.jd.com/list.html?cat=6144,6155,6157","Y"
"857","银戒指","list.jd.com/list.html?cat=6144,6155,6158","Y"
"858","银耳饰","list.jd.com/list.html?cat=6144,6155,13070","Y"
"859","足银手镯","list.jd.com/list.html?cat=6144,6155,11238","Y"
"860","宝宝银饰","list.jd.com/list.html?cat=6144,6155,6159","Y"
"861","裸钻","list.jd.com/list.html?cat=6144,6160,6161","Y"
"862","钻戒","list.jd.com/list.html?cat=6144,6160,6162","Y"
"863","钻石项链/吊坠","list.jd.com/list.html?cat=6144,6160,6163","Y"
"864","钻石耳饰","list.jd.com/list.html?cat=6144,6160,6164","Y"
"865","钻石手镯/手链","list.jd.com/list.html?cat=6144,6160,6165","Y"
"866","项链/吊坠","list.jd.com/list.html?cat=6144,6167,6168","Y"
"867","手镯/手串","list.jd.com/list.html?cat=6144,6167,6169","Y"
"868","戒指","list.jd.com/list.html?cat=6144,6167,6170","Y"
"869","耳饰","list.jd.com/list.html?cat=6144,6167,6173","Y"
"870","挂件/摆件/把件","list.jd.com/list.html?cat=6144,6167,6175","Y"
"871","玉石孤品","list.jd.com/list.html?cat=6144,6167,6177","Y"
"872","项链/吊坠","list.jd.com/list.html?cat=6144,6172,6176","Y"
"873","耳饰","list.jd.com/list.html?cat=6144,6172,6178","Y"
"874","手镯/手链/脚链","list.jd.com/list.html?cat=6144,6172,6180","Y"
"875","戒指","list.jd.com/list.html?cat=6144,6172,6183","Y"
"876","头饰/胸针","list.jd.com/list.html?cat=6144,6172,6185","Y"
"877","摆件/挂件","list.jd.com/list.html?cat=6144,6172,6187","Y"
"878","琥珀/蜜蜡","list.jd.com/list.html?cat=6144,6174,13071","Y"
"879","碧玺","list.jd.com/list.html?cat=6144,6174,13072","Y"
"880","红宝石/蓝宝石","list.jd.com/list.html?cat=6144,6174,13073","Y"
"881","坦桑石","list.jd.com/list.html?cat=6144,6174,13074","Y"
"882","珊瑚","list.jd.com/list.html?cat=6144,6174,13075","Y"
"883","祖母绿","list.jd.com/list.html?cat=6144,6174,13076","Y"
"884","葡萄石","list.jd.com/list.html?cat=6144,6174,13078","Y"
"885","其他天然宝石","list.jd.com/list.html?cat=6144,6174,13077","Y"
"886","项链/吊坠","list.jd.com/list.html?cat=6144,6174,6179","Y"
"887","耳饰","list.jd.com/list.html?cat=6144,6174,6181","Y"
"888","手镯/手链","list.jd.com/list.html?cat=6144,6174,6184","Y"
"889","戒指","list.jd.com/list.html?cat=6144,6174,6186","Y"
"890","铂金项链/吊坠","list.jd.com/list.html?cat=6144,12040,12043","Y"
"891","铂金手镯/手链/脚链","list.jd.com/list.html?cat=6144,12040,12044","Y"
"892","铂金戒指","list.jd.com/list.html?cat=6144,12040,12045","Y"
"893","铂金耳饰","list.jd.com/list.html?cat=6144,12040,12046","Y"
"894","小叶紫檀","list.jd.com/list.html?cat=6144,12041,12047","Y"
"895","黄花梨","list.jd.com/list.html?cat=6144,12041,12048","Y"
"896","沉香木","list.jd.com/list.html?cat=6144,12041,12049","Y"
"897","金丝楠","list.jd.com/list.html?cat=6144,12041,12050","Y"
"898","菩提","list.jd.com/list.html?cat=6144,12041,12051","Y"
"899","其他","list.jd.com/list.html?cat=6144,12041,12052","Y"
"900","橄榄核/核桃","list.jd.com/list.html?cat=6144,12041,13080","Y"
"901","檀香","list.jd.com/list.html?cat=6144,12041,13081","Y"
"902","珍珠项链","list.jd.com/list.html?cat=6144,12042,12053","Y"
"903","珍珠吊坠","list.jd.com/list.html?cat=6144,12042,12054","Y"
"904","珍珠耳饰","list.jd.com/list.html?cat=6144,12042,12055","Y"
"905","珍珠手链","list.jd.com/list.html?cat=6144,12042,12056","Y"
"906","珍珠戒指","list.jd.com/list.html?cat=6144,12042,12057","Y"
"907","珍珠胸针","list.jd.com/list.html?cat=6144,12042,12058","Y"
"908","机油","list.jd.com/list.html?cat=6728,6742,11849","Y"
"909","正时皮带","list.jd.com/list.html?cat=6728,6742,13244","Y"
"910","添加剂","list.jd.com/list.html?cat=6728,6742,11850","Y"
"911","汽车喇叭","list.jd.com/list.html?cat=6728,6742,13245","Y"
"912","防冻液","list.jd.com/list.html?cat=6728,6742,6756","Y"
"913","汽车玻璃","list.jd.com/list.html?cat=6728,6742,13246","Y"
"914","滤清器","list.jd.com/list.html?cat=6728,6742,11852","Y"
"915","火花塞","list.jd.com/list.html?cat=6728,6742,6767","Y"
"916","减震器","list.jd.com/list.html?cat=6728,6742,13243","Y"
"917","柴机油/辅助油","list.jd.com/list.html?cat=6728,6742,13295","Y"
"918","雨刷","list.jd.com/list.html?cat=6728,6742,6766","Y"
"919","车灯","list.jd.com/list.html?cat=6728,6742,6768","Y"
"920","后视镜","list.jd.com/list.html?cat=6728,6742,9988","Y"
"921","轮胎","list.jd.com/list.html?cat=6728,6742,9248","Y"
"922","轮毂","list.jd.com/list.html?cat=6728,6742,11951","Y"
"923","刹车片/盘","list.jd.com/list.html?cat=6728,6742,11859","Y"
"924","维修配件","list.jd.com/list.html?cat=6728,6742,6769","Y"
"925","蓄电池","list.jd.com/list.html?cat=6728,6742,9971","Y"
"926","底盘装甲/护板","list.jd.com/list.html?cat=6728,6742,9964","Y"
"927","贴膜","list.jd.com/list.html?cat=6728,6742,6770","Y"
"928","汽修工具","list.jd.com/list.html?cat=6728,6742,6795","Y"
"929","改装配件","list.jd.com/list.html?cat=6728,6742,12406","Y"
"930","导航仪","list.jd.com/list.html?cat=6728,6740,11867","Y"
"931","安全预警仪","list.jd.com/list.html?cat=6728,6740,9959","Y"
"932","行车记录仪","list.jd.com/list.html?cat=6728,6740,6964","Y"
"933","倒车雷达","list.jd.com/list.html?cat=6728,6740,9961","Y"
"934","蓝牙设备","list.jd.com/list.html?cat=6728,6740,9962","Y"
"935","车载影音","list.jd.com/list.html?cat=6728,6740,6965","Y"
"936","净化器","list.jd.com/list.html?cat=6728,6740,6807","Y"
"937","电源","list.jd.com/list.html?cat=6728,6740,6749","Y"
"938","智能驾驶","list.jd.com/list.html?cat=6728,6740,12408","Y"
"939","车载电台","list.jd.com/list.html?cat=6728,6740,12409","Y"
"940","车载电器配件","list.jd.com/list.html?cat=6728,6740,13247","Y"
"941","吸尘器","list.jd.com/list.html?cat=6728,6740,6752","Y"
"942","智能车机","list.jd.com/list.html?cat=6728,6740,13248","Y"
"943","冰箱","list.jd.com/list.html?cat=6728,6740,6753","Y"
"944","汽车音响","list.jd.com/list.html?cat=6728,6740,13249","Y"
"945","车载生活电器","list.jd.com/list.html?cat=6728,6740,13250","Y"
"946","车蜡","list.jd.com/list.html?cat=6728,6743,11875","Y"
"947","补漆笔","list.jd.com/list.html?cat=6728,6743,9974","Y"
"948","玻璃水","list.jd.com/list.html?cat=6728,6743,6757","Y"
"949","清洁剂","list.jd.com/list.html?cat=6728,6743,11878","Y"
"950","洗车工具","list.jd.com/list.html?cat=6728,6743,11879","Y"
"951","镀晶镀膜","list.jd.com/list.html?cat=6728,6743,13251","Y"
"952","打蜡机","list.jd.com/list.html?cat=6728,6743,13296","Y"
"953","洗车配件","list.jd.com/list.html?cat=6728,6743,11880","Y"
"954","洗车机","list.jd.com/list.html?cat=6728,6743,13252","Y"
"955","洗车水枪","list.jd.com/list.html?cat=6728,6743,13253","Y"
"956","毛巾掸子","list.jd.com/list.html?cat=6728,6743,13254","Y"
"957","脚垫","list.jd.com/list.html?cat=6728,6745,11883","Y"
"958","座垫","list.jd.com/list.html?cat=6728,6745,11881","Y"
"959","座套","list.jd.com/list.html?cat=6728,6745,11882","Y"
"960","后备箱垫","list.jd.com/list.html?cat=6728,6745,6972","Y"
"961","头枕腰靠","list.jd.com/list.html?cat=6728,6745,11887","Y"
"962","方向盘套","list.jd.com/list.html?cat=6728,6745,13255","Y"
"963","香水","list.jd.com/list.html?cat=6728,6745,6785","Y"
"964","空气净化","list.jd.com/list.html?cat=6728,6745,11886","Y"
"965","挂件摆件","list.jd.com/list.html?cat=6728,6745,11888","Y"
"966","功能小件","list.jd.com/list.html?cat=6728,6745,11889","Y"
"967","车身装饰件","list.jd.com/list.html?cat=6728,6745,11953","Y"
"968","车衣","list.jd.com/list.html?cat=6728,6745,6798","Y"
"969","安全座椅","list.jd.com/list.html?cat=6728,6747,6792","Y"
"970","胎压监测","list.jd.com/list.html?cat=6728,6747,11954","Y"
"971","防盗设备","list.jd.com/list.html?cat=6728,6747,11955","Y"
"972","应急救援","list.jd.com/list.html?cat=6728,6747,6796","Y"
"973","保温箱","list.jd.com/list.html?cat=6728,6747,6804","Y"
"974","地锁","list.jd.com/list.html?cat=6728,6747,13269","Y"
"975","摩托车","list.jd.com/list.html?cat=6728,6747,13270","Y"
"976","充气泵","list.jd.com/list.html?cat=6728,6747,12407","Y"
"977","储物箱","list.jd.com/list.html?cat=6728,6747,6801","Y"
"978","自驾野营","list.jd.com/list.html?cat=6728,6747,11898","Y"
"979","摩托车装备","list.jd.com/list.html?cat=6728,6747,9985","Y"
"980","清洗美容","list.jd.com/list.html?cat=6728,12402,12403","Y"
"981","功能升级","list.jd.com/list.html?cat=6728,12402,12404","Y"
"982","保养维修","list.jd.com/list.html?cat=6728,12402,12405","Y"
"983","油卡充值","list.jd.com/list.html?cat=6728,12402,13121","Y"
"984","车险","list.jd.com/list.html?cat=6728,12402,13664","Y"
"985","加油卡","list.jd.com/list.html?cat=6728,12402,13242","Y"
"986","ETC","list.jd.com/list.html?cat=6728,12402,13266","Y"
"987","驾驶培训","list.jd.com/list.html?cat=6728,12402,13267","Y"
"988","赛事服装","list.jd.com/list.html?cat=6728,13256,13257","Y"
"989","赛事用品","list.jd.com/list.html?cat=6728,13256,13258","Y"
"990","制动系统","list.jd.com/list.html?cat=6728,13256,13259","Y"
"991","悬挂系统","list.jd.com/list.html?cat=6728,13256,13260","Y"
"992","进气系统","list.jd.com/list.html?cat=6728,13256,13261","Y"
"993","排气系统","list.jd.com/list.html?cat=6728,13256,13262","Y"
"994","电子管理","list.jd.com/list.html?cat=6728,13256,13263","Y"
"995","车身强化","list.jd.com/list.html?cat=6728,13256,13264","Y"
"996","赛事座椅","list.jd.com/list.html?cat=6728,13256,13265","Y"
"997","跑步鞋","list.jd.com/list.html?cat=1318,12099,9756","Y"
"998","休闲鞋","list.jd.com/list.html?cat=1318,12099,9754","Y"
"999","篮球鞋","list.jd.com/list.html?cat=1318,12099,9757","Y"
"1000","板鞋","list.jd.com/list.html?cat=1318,12099,12100","Y"
"1001","帆布鞋","list.jd.com/list.html?cat=1318,12099,9755","Y"
"1002","足球鞋","list.jd.com/list.html?cat=1318,12099,9758","Y"
"1003","乒羽网鞋","list.jd.com/list.html?cat=1318,12099,9760","Y"
"1004","专项运动鞋","list.jd.com/list.html?cat=1318,12099,12101","Y"
"1005","训练鞋","list.jd.com/list.html?cat=1318,12099,9759","Y"
"1006","拖鞋","list.jd.com/list.html?cat=1318,12099,9761","Y"
"1007","运动包","list.jd.com/list.html?cat=1318,12099,9768","Y"
"1008","羽绒服","list.jd.com/list.html?cat=1318,12102,12104","Y"
"1009","棉服","list.jd.com/list.html?cat=1318,12102,9762","Y"
"1010","运动裤","list.jd.com/list.html?cat=1318,12102,9766","Y"
"1011","夹克/风衣","list.jd.com/list.html?cat=1318,12102,9763","Y"
"1012","卫衣/套头衫","list.jd.com/list.html?cat=1318,12102,9764","Y"
"1013","T恤","list.jd.com/list.html?cat=1318,12102,9765","Y"
"1014","套装","list.jd.com/list.html?cat=1318,12102,9767","Y"
"1015","乒羽网服","list.jd.com/list.html?cat=1318,12102,12106","Y"
"1016","健身服","list.jd.com/list.html?cat=1318,12102,12107","Y"
"1017","运动背心","list.jd.com/list.html?cat=1318,12102,12108","Y"
"1018","毛衫/线衫","list.jd.com/list.html?cat=1318,12102,12105","Y"
"1019","运动配饰","list.jd.com/list.html?cat=1318,12102,12103","Y"
"1020","折叠车","list.jd.com/list.html?cat=1318,12115,12116","Y"
"1021","山地车/公路车","list.jd.com/list.html?cat=1318,12115,12117","Y"
"1022","电动车","list.jd.com/list.html?cat=1318,12115,12118","Y"
"1023","其他整车","list.jd.com/list.html?cat=1318,12115,12119","Y"
"1024","骑行服","list.jd.com/list.html?cat=1318,12115,12120","Y"
"1025","骑行装备","list.jd.com/list.html?cat=1318,12115,12121","Y"
"1026","平衡车","list.jd.com/list.html?cat=1318,12115,12861","Y"
"1027","鱼竿鱼线","list.jd.com/list.html?cat=1318,12147,12148","Y"
"1028","浮漂鱼饵","list.jd.com/list.html?cat=1318,12147,12149","Y"
"1029","钓鱼桌椅","list.jd.com/list.html?cat=1318,12147,12150","Y"
"1030","钓鱼配件","list.jd.com/list.html?cat=1318,12147,12151","Y"
"1031","钓箱鱼包","list.jd.com/list.html?cat=1318,12147,12152","Y"
"1032","其它","list.jd.com/list.html?cat=1318,12147,12153","Y"
"1033","泳镜","list.jd.com/list.html?cat=1318,12154,12155","Y"
"1034","泳帽","list.jd.com/list.html?cat=1318,12154,12156","Y"
"1035","游泳包防水包","list.jd.com/list.html?cat=1318,12154,12157","Y"
"1036","女士泳衣","list.jd.com/list.html?cat=1318,12154,12158","Y"
"1037","男士泳衣","list.jd.com/list.html?cat=1318,12154,12159","Y"
"1038","比基尼","list.jd.com/list.html?cat=1318,12154,12160","Y"
"1039","其它","list.jd.com/list.html?cat=1318,12154,12161","Y"
"1040","冲锋衣裤","list.jd.com/list.html?cat=1318,2628,12123","Y"
"1041","速干衣裤","list.jd.com/list.html?cat=1318,2628,12124","Y"
"1042","滑雪服","list.jd.com/list.html?cat=1318,2628,12125","Y"
"1043","羽绒服/棉服","list.jd.com/list.html?cat=1318,2628,12126","Y"
"1044","休闲衣裤","list.jd.com/list.html?cat=1318,2628,12127","Y"
"1045","抓绒衣裤","list.jd.com/list.html?cat=1318,2628,12128","Y"
"1046","软壳衣裤","list.jd.com/list.html?cat=1318,2628,12129","Y"
"1047","T恤","list.jd.com/list.html?cat=1318,2628,12130","Y"
"1048","户外风衣","list.jd.com/list.html?cat=1318,2628,12131","Y"
"1049","功能内衣","list.jd.com/list.html?cat=1318,2628,12132","Y"
"1050","军迷服饰","list.jd.com/list.html?cat=1318,2628,12133","Y"
"1051","登山鞋","list.jd.com/list.html?cat=1318,2628,12134","Y"
"1052","雪地靴","list.jd.com/list.html?cat=1318,2628,12135","Y"
"1053","徒步鞋","list.jd.com/list.html?cat=1318,2628,12136","Y"
"1054","越野跑鞋","list.jd.com/list.html?cat=1318,2628,12137","Y"
"1055","休闲鞋","list.jd.com/list.html?cat=1318,2628,12138","Y"
"1056","工装鞋","list.jd.com/list.html?cat=1318,2628,12139","Y"
"1057","溯溪鞋","list.jd.com/list.html?cat=1318,2628,12140","Y"
"1058","沙滩/凉拖","list.jd.com/list.html?cat=1318,2628,12141","Y"
"1059","户外袜","list.jd.com/list.html?cat=1318,2628,12142","Y"
"1060","帐篷/垫子","list.jd.com/list.html?cat=1318,1462,1473","Y"
"1061","睡袋/吊床","list.jd.com/list.html?cat=1318,1462,1474","Y"
"1062","登山攀岩","list.jd.com/list.html?cat=1318,1462,1475","Y"
"1063","户外配饰","list.jd.com/list.html?cat=1318,1462,2629","Y"
"1064","背包","list.jd.com/list.html?cat=1318,1462,1472","Y"
"1065","户外照明","list.jd.com/list.html?cat=1318,1462,1476","Y"
"1066","户外仪表","list.jd.com/list.html?cat=1318,1462,2631","Y"
"1067","户外工具","list.jd.com/list.html?cat=1318,1462,1479","Y"
"1068","望远镜","list.jd.com/list.html?cat=1318,1462,1480","Y"
"1069","旅游用品","list.jd.com/list.html?cat=1318,1462,2691","Y"
"1070","便携桌椅床","list.jd.com/list.html?cat=1318,1462,1478","Y"
"1071","野餐烧烤","list.jd.com/list.html?cat=1318,1462,1477","Y"
"1072","军迷用品","list.jd.com/list.html?cat=1318,1462,5152","Y"
"1073","救援装备","list.jd.com/list.html?cat=1318,1462,12143","Y"
"1074","滑雪装备","list.jd.com/list.html?cat=1318,1462,12144","Y"
"1075","极限户外","list.jd.com/list.html?cat=1318,1462,12145","Y"
"1076","冲浪潜水","list.jd.com/list.html?cat=1318,1462,12146","Y"
"1077","综合训练器","list.jd.com/list.html?cat=1318,1463,12109","Y"
"1078","其他大型器械","list.jd.com/list.html?cat=1318,1463,12110","Y"
"1079","哑铃","list.jd.com/list.html?cat=1318,1463,12111","Y"
"1080","仰卧板/收腹机","list.jd.com/list.html?cat=1318,1463,12112","Y"
"1081","其他中小型器材","list.jd.com/list.html?cat=1318,1463,12113","Y"
"1082","瑜伽舞蹈","list.jd.com/list.html?cat=1318,1463,12114","Y"
"1083","甩脂机","list.jd.com/list.html?cat=1318,1463,12858","Y"
"1084","踏步机","list.jd.com/list.html?cat=1318,1463,12859","Y"
"1085","武术搏击","list.jd.com/list.html?cat=1318,1463,5153","Y"
"1086","健身车/动感单车","list.jd.com/list.html?cat=1318,1463,1483","Y"
"1087","跑步机","list.jd.com/list.html?cat=1318,1463,1484","Y"
"1088","运动护具","list.jd.com/list.html?cat=1318,1463,1487","Y"
"1089","羽毛球","list.jd.com/list.html?cat=1318,1466,1695","Y"
"1090","乒乓球","list.jd.com/list.html?cat=1318,1466,1694","Y"
"1091","篮球","list.jd.com/list.html?cat=1318,1466,1698","Y"
"1092","足球","list.jd.com/list.html?cat=1318,1466,1697","Y"
"1093","网球","list.jd.com/list.html?cat=1318,1466,1696","Y"
"1094","排球","list.jd.com/list.html?cat=1318,1466,1699","Y"
"1095","高尔夫","list.jd.com/list.html?cat=1318,1466,1700","Y"
"1096","台球","list.jd.com/list.html?cat=1318,1466,1701","Y"
"1097","棋牌麻将","list.jd.com/list.html?cat=1318,1466,5155","Y"
"1098","轮滑滑板","list.jd.com/list.html?cat=1318,1466,12122","Y"
"1099","其他","list.jd.com/list.html?cat=1318,1466,5156","Y"
"1100","0-6个月","list.jd.com/list.html?cat=6233,6234,6239","Y"
"1101","6-12个月","list.jd.com/list.html?cat=6233,6234,6240","Y"
"1102","1-3岁","list.jd.com/list.html?cat=6233,6234,6241","Y"
"1103","3-6岁","list.jd.com/list.html?cat=6233,6234,6242","Y"
"1104","6-14岁","list.jd.com/list.html?cat=6233,6234,6243","Y"
"1105","14岁以上","list.jd.com/list.html?cat=6233,6234,6244","Y"
"1106","遥控车","list.jd.com/list.html?cat=6233,6235,6245","Y"
"1107","遥控飞机","list.jd.com/list.html?cat=6233,6235,6246","Y"
"1108","遥控船","list.jd.com/list.html?cat=6233,6235,6247","Y"
"1109","机器人","list.jd.com/list.html?cat=6233,6235,6248","Y"
"1110","轨道/助力","list.jd.com/list.html?cat=6233,6235,6249","Y"
"1111","毛绒/布艺","list.jd.com/list.html?cat=6233,6236,6254","Y"
"1112","靠垫/抱枕","list.jd.com/list.html?cat=6233,6236,6255","Y"
"1113","芭比娃娃","list.jd.com/list.html?cat=6233,6237,6257","Y"
"1114","卡通娃娃","list.jd.com/list.html?cat=6233,6237,6258","Y"
"1115","智能娃娃","list.jd.com/list.html?cat=6233,6237,6259","Y"
"1116","仿真模型","list.jd.com/list.html?cat=6233,6253,6261","Y"
"1117","拼插模型","list.jd.com/list.html?cat=6233,6253,6262","Y"
"1118","收藏爱好","list.jd.com/list.html?cat=6233,6253,6263","Y"
"1119","炫舞毯","list.jd.com/list.html?cat=6233,6260,6265","Y"
"1120","爬行垫/毯","list.jd.com/list.html?cat=6233,6260,6266","Y"
"1121","户外玩具","list.jd.com/list.html?cat=6233,6260,6268","Y"
"1122","戏水玩具","list.jd.com/list.html?cat=6233,6260,6269","Y"
"1123","电影周边","list.jd.com/list.html?cat=6233,6264,6272","Y"
"1124","卡通周边","list.jd.com/list.html?cat=6233,6264,6273","Y"
"1125","网游周边","list.jd.com/list.html?cat=6233,6264,6274","Y"
"1126","摇铃/床铃","list.jd.com/list.html?cat=6233,6271,6276","Y"
"1127","健身架","list.jd.com/list.html?cat=6233,6271,7063","Y"
"1128","早教启智","list.jd.com/list.html?cat=6233,6271,6277","Y"
"1129","拖拉玩具","list.jd.com/list.html?cat=6233,6271,6278","Y"
"1130","积木","list.jd.com/list.html?cat=6233,6275,6280","Y"
"1131","拼图","list.jd.com/list.html?cat=6233,6275,6282","Y"
"1132","磁力棒","list.jd.com/list.html?cat=6233,6275,6284","Y"
"1133","立体拼插","list.jd.com/list.html?cat=6233,6275,6286","Y"
"1134","手工彩泥","list.jd.com/list.html?cat=6233,6279,6281","Y"
"1135","绘画工具","list.jd.com/list.html?cat=6233,6279,6283","Y"
"1136","情景玩具","list.jd.com/list.html?cat=6233,6279,6287","Y"
"1137","减压玩具","list.jd.com/list.html?cat=6233,6289,6292","Y"
"1138","创意玩具","list.jd.com/list.html?cat=6233,6289,6293","Y"
"1139","钢琴","list.jd.com/list.html?cat=6233,6291,6294","Y"
"1140","电子琴/电钢琴","list.jd.com/list.html?cat=6233,6291,6296","Y"
"1141","吉他/尤克里里","list.jd.com/list.html?cat=6233,6291,6299","Y"
"1142","打击乐器","list.jd.com/list.html?cat=6233,6291,6303","Y"
"1143","西洋管弦","list.jd.com/list.html?cat=6233,6291,6301","Y"
"1144","民族管弦乐器","list.jd.com/list.html?cat=6233,6291,6300","Y"
"1145","乐器配件","list.jd.com/list.html?cat=6233,6291,6305","Y"
"1146","电脑音乐","list.jd.com/list.html?cat=6233,6291,6306","Y"
"1147","工艺礼品乐器","list.jd.com/list.html?cat=6233,6291,6308","Y"
"1148","口琴/口风琴/竖笛","list.jd.com/list.html?cat=6233,6291,6302","Y"
"1149","手风琴","list.jd.com/list.html?cat=6233,6291,6298","Y"
"1150","双色球","caipiao.jd.com/lottery_ssq.html","N"
"1151","大乐透","caipiao.jd.com/lottery_dlt.html","N"
"1152","福彩3D","caipiao.jd.com/lottery_fc3d.html","N"
"1153","排列三","caipiao.jd.com/lottery_pl3.html","N"
"1154","排列五","caipiao.jd.com/lottery_plw.html","N"
"1155","七星彩","caipiao.jd.com/lottery_qxc.html","N"
"1156","七乐彩","caipiao.jd.com/lottery_qlc.html","N"
"1157","竞彩足球","caipiao.jd.com/lottery_spf.html","N"
"1158","竞彩篮球","caipiao.jd.com/lottery_rfsf.html","N"
"1159","新时时彩","caipiao.jd.com/lottery_jxssc.html","N"
"1160","国内机票","jipiao.jd.com/","N"
"1161","国内酒店","hotel.jd.com/","N"
"1162","酒店团购","tuan.jd.com/channel/hotel-0-0-0-0-1-0-0-0-0-0.html","N"
"1163","度假","dujia.jd.com/","N"
"1164","景点","menpiao.jd.com/","N"
"1165","租车","zuche.jd.com/","N"
"1166","火车票","huoche.jd.com/","N"
"1167","旅游团购","tuan.jd.com/channel/tour-beijing-0-0-0-1-0-0-0-0-0.html","N"
"1168","手机充值","chongzhi.jd.com/","N"
"1169","游戏点卡","list.jd.com/list.html?cat=4938,4941,4835","Y"
"1170","QQ充值","list.jd.com/list.html?cat=4938,4941,4836","Y"
"1171","电影票","movie.jd.com/index.html","N"
"1172","演唱会","piao.jd.com/yanchanghui/","N"
"1173","话剧歌剧","piao.jd.com/huajugeju/","N"
"1174","音乐会","piao.jd.com/yinyuehui/","N"
"1175","体育赛事","piao.jd.com/tiyusaishi/","N"
"1176","舞蹈芭蕾","piao.jd.com/wudaobalei/","N"
"1177","戏曲综艺","piao.jd.com/xiquzongyi/","N"
"1178","东北","list.jd.com/list.html?cat=12218,12219,12225","Y"
"1179","华北","list.jd.com/list.html?cat=12218,12219,12226","Y"
"1180","西北","list.jd.com/list.html?cat=12218,12219,12227","Y"
"1181","华中","list.jd.com/list.html?cat=12218,12219,12228","Y"
"1182","华东","list.jd.com/list.html?cat=12218,12219,12229","Y"
"1183","华南","list.jd.com/list.html?cat=12218,12219,12230","Y"
"1184","西南","list.jd.com/list.html?cat=12218,12219,12231","Y"
"1185","苹果","list.jd.com/list.html?cat=12218,12221,13554","Y"
"1186","橙子","list.jd.com/list.html?cat=12218,12221,13555","Y"
"1187","奇异果/猕猴桃","list.jd.com/list.html?cat=12218,12221,13556","Y"
"1188","车厘子/樱桃","list.jd.com/list.html?cat=12218,12221,13557","Y"
"1189","芒果","list.jd.com/list.html?cat=12218,12221,13558","Y"
"1190","蓝莓","list.jd.com/list.html?cat=12218,12221,13559","Y"
"1191","火龙果","list.jd.com/list.html?cat=12218,12221,13560","Y"
"1192","葡萄/提子","list.jd.com/list.html?cat=12218,12221,13561","Y"
"1193","柚子","list.jd.com/list.html?cat=12218,12221,13562","Y"
"1194","香蕉","list.jd.com/list.html?cat=12218,12221,13563","Y"
"1195","牛油果","list.jd.com/list.html?cat=12218,12221,13564","Y"
"1196","梨","list.jd.com/list.html?cat=12218,12221,13565","Y"
"1197","菠萝/凤梨","list.jd.com/list.html?cat=12218,12221,13566","Y"
"1198","桔/橘","list.jd.com/list.html?cat=12218,12221,13567","Y"
"1199","柠檬","list.jd.com/list.html?cat=12218,12221,13568","Y"
"1200","草莓","list.jd.com/list.html?cat=12218,12221,13569","Y"
"1201","桃/李/杏","list.jd.com/list.html?cat=12218,12221,13570","Y"
"1202","更多水果","list.jd.com/list.html?cat=12218,12221,13571","Y"
"1203","水果礼盒/券","list.jd.com/list.html?cat=12218,12221,13572","Y"
"1204","牛肉","list.jd.com/list.html?cat=12218,13581,13582","Y"
"1205","羊肉","list.jd.com/list.html?cat=12218,13581,13583","Y"
"1206","猪肉","list.jd.com/list.html?cat=12218,13581,12247","Y"
"1207","内脏类","list.jd.com/list.html?cat=12218,13581,13585","Y"
"1208","鱼类","list.jd.com/list.html?cat=12218,12222,12241","Y"
"1209","虾类","list.jd.com/list.html?cat=12218,12222,12242","Y"
"1210","蟹类","list.jd.com/list.html?cat=12218,12222,12243","Y"
"1211","贝类","list.jd.com/list.html?cat=12218,12222,12244","Y"
"1212","海参","list.jd.com/list.html?cat=12218,12222,12240","Y"
"1213","海产干货","list.jd.com/list.html?cat=12218,12222,12245","Y"
"1214","其他水产","list.jd.com/list.html?cat=12218,12222,13579","Y"
"1215","海产礼盒","list.jd.com/list.html?cat=12218,12222,13580","Y"
"1216","鸡肉","list.jd.com/list.html?cat=12218,13586,13587","Y"
"1217","鸭肉","list.jd.com/list.html?cat=12218,13586,13588","Y"
"1218","蛋类","list.jd.com/list.html?cat=12218,13586,12250","Y"
"1219","其他禽类","list.jd.com/list.html?cat=12218,13586,13590","Y"
"1220","水饺/馄饨","list.jd.com/list.html?cat=12218,13591,13592","Y"
"1221","汤圆/元宵","list.jd.com/list.html?cat=12218,13591,13593","Y"
"1222","面点","list.jd.com/list.html?cat=12218,13591,13594","Y"
"1223","火锅丸串","list.jd.com/list.html?cat=12218,13591,13595","Y"
"1224","速冻半成品","list.jd.com/list.html?cat=12218,13591,13596","Y"
"1225","奶酪黄油","list.jd.com/list.html?cat=12218,13591,13597","Y"
"1226","熟食","list.jd.com/list.html?cat=12218,12224,12252","Y"
"1227","腊肠/腊肉","list.jd.com/list.html?cat=12218,12224,12253","Y"
"1228","火腿","list.jd.com/list.html?cat=12218,12224,12254","Y"
"1229","糕点","list.jd.com/list.html?cat=12218,12224,12257","Y"
"1230","礼品卡券","list.jd.com/list.html?cat=12218,12224,12258","Y"
"1231","冷藏果蔬汁","list.jd.com/list.html?cat=12218,13598,13601","Y"
"1232","冰激凌","list.jd.com/list.html?cat=12218,13598,13603","Y"
"1233","其他","list.jd.com/list.html?cat=12218,13598,13604","Y"
"1234","叶菜类","list.jd.com/list.html?cat=12218,13553,13573","Y"
"1235","茄果瓜类","list.jd.com/list.html?cat=12218,13553,13574","Y"
"1236","根茎类","list.jd.com/list.html?cat=12218,13553,13575","Y"
"1237","鲜菌菇","list.jd.com/list.html?cat=12218,13553,13576","Y"
"1238","葱姜蒜椒","list.jd.com/list.html?cat=12218,13553,13577","Y"
"1239","半加工蔬菜","list.jd.com/list.html?cat=12218,13553,13578","Y"
"1240","微型车","list.jd.com/list.html?cat=12379,12380,12381","Y"
"1241","小型车","list.jd.com/list.html?cat=12379,12380,12382","Y"
"1242","紧凑型车","list.jd.com/list.html?cat=12379,12380,12383","Y"
"1243","中型车","list.jd.com/list.html?cat=12379,12380,12384","Y"
"1244","中大型车","list.jd.com/list.html?cat=12379,12380,12385","Y"
"1245","豪华车","list.jd.com/list.html?cat=12379,12380,12386","Y"
"1246","MPV","list.jd.com/list.html?cat=12379,12380,12388","Y"
"1247","SUV","list.jd.com/list.html?cat=12379,12380,12387","Y"
"1248","跑车","list.jd.com/list.html?cat=12379,12380,12389","Y"
"1249","微型车（二手）","list.jd.com/list.html?cat=12379,13302,13303","Y"
"1250","小型车（二手）","list.jd.com/list.html?cat=12379,13302,13304","Y"
"1251","紧凑型车（二手）","list.jd.com/list.html?cat=12379,13302,13305","Y"
"1252","中型车（二手）","list.jd.com/list.html?cat=12379,13302,13306","Y"
"1253","中大型车（二手）","list.jd.com/list.html?cat=12379,13302,13307","Y"
"1254","豪华车（二手）","list.jd.com/list.html?cat=12379,13302,13308","Y"
"1255","MPV（二手）","list.jd.com/list.html?cat=12379,13302,13309","Y"
"1256","SUV（二手）","list.jd.com/list.html?cat=12379,13302,13310","Y"
"1257","跑车（二手）","list.jd.com/list.html?cat=12379,13302,13311","Y"
"1258","皮卡（二手）","list.jd.com/list.html?cat=12379,13302,13312","Y"
"1259","面包车（二手）","list.jd.com/list.html?cat=12379,13302,13313","Y"
